hand_id,handedness,landmark_id,x_norm,y_norm,z_norm,x_px,y_px,domain,video_stem,frame_file,frame_id
0,Right,0,0.5138468742370605,0.6573988199234009,1.9939068351959577e-07,986,709,artificial_jewellery,video_20260405_105612_edit,frame_000030.jpg,000030
0,Right,1,0.5141560435295105,0.6008317470550537,-0.014549740590155125,987,648,artificial_jewellery,video_20260405_105612_edit,frame_000030.jpg,000030
0,Right,2,0.5053068995475769,0.5512025356292725,-0.014226343482732773,970,595,artificial_jewellery,video_20260405_105612_edit,frame_000030.jpg,000030
0,Right,3,0.5008543729782104,0.512263834476471,-0.010435665026307106,961,553,artificial_jewellery,video_20260405_105612_edit,frame_000030.jpg,000030
0,Right,4,0.4986492395401001,0.4869086444377899,-0.005230689886957407,957,525,artificial_jewellery,video_20260405_105612_edit,frame_000030.jpg,000030
0,Right,5,0.4715905487537384,0.5649687051773071,0.006659519858658314,905,610,artificial_jewellery,video_20260405_105612_edit,frame_000030.jpg,000030
0,Right,6,0.44989117980003357,0.5377390384674072,0.01571354828774929,863,580,artificial_jewellery,video_20260405_105612_edit,frame_000030.jpg,000030
0,Right,7,0.4446912705898285,0.5276815891265869,0.02071252651512623,853,569,artificial_jewellery,video_20260405_105612_edit,frame_000030.jpg,000030
0,Right,8,0.44390127062797546,0.5241435170173645,0.024339979514479637,852,566,artificial_jewellery,video_20260405_105612_edit,frame_000030.jpg,000030
0,Right,9,0.467578262090683,0.5895543694496155,0.018024761229753494,897,636,artificial_jewellery,video_20260405_105612_edit,frame_000030.jpg,000030
0,Right,10,0.4486387372016907,0.5626137256622314,0.0297827310860157,861,607,artificial_jewellery,video_20260405_105612_edit,frame_000030.jpg,000030
0,Right,11,0.4421648383140564,0.5502981543540955,0.03313854709267616,848,594,artificial_jewellery,video_20260405_105612_edit,frame_000030.jpg,000030
0,Right,12,0.44041261076927185,0.5455396771430969,0.03529531508684158,845,589,artificial_jewellery,video_20260405_105612_edit,frame_000030.jpg,000030
0,Right,13,0.4666782021522522,0.6117169260978699,0.027762755751609802,896,660,artificial_jewellery,video_20260405_105612_edit,frame_000030.jpg,000030
0,Right,14,0.4508732259273529,0.593625545501709,0.03747480362653732,865,641,artificial_jewellery,video_20260405_105612_edit,frame_000030.jpg,000030
0,Right,15,0.444087415933609,0.5822915434837341,0.04071430489420891,852,628,artificial_jewellery,video_20260405_105612_edit,frame_000030.jpg,000030
0,Right,16,0.4418182671070099,0.5768909454345703,0.042749591171741486,848,623,artificial_jewellery,video_20260405_105612_edit,frame_000030.jpg,000030
0,Right,17,0.46928533911705017,0.6285521388053894,0.03582451865077019,901,678,artificial_jewellery,video_20260405_105612_edit,frame_000030.jpg,000030
0,Right,18,0.455661416053772,0.6164296865463257,0.04358845204114914,874,665,artificial_jewellery,video_20260405_105612_edit,frame_000030.jpg,000030
0,Right,19,0.4501124918460846,0.60943603515625,0.04860016331076622,864,658,artificial_jewellery,video_20260405_105612_edit,frame_000030.jpg,000030
0,Right,20,0.44823646545410156,0.6062410473823547,0.052692264318466187,860,654,artificial_jewellery,video_20260405_105612_edit,frame_000030.jpg,000030
1,Left,0,0.33368492126464844,0.6720808148384094,5.492700694276209e-08,640,725,artificial_jewellery,video_20260405_105612_edit,frame_000030.jpg,000030
1,Left,1,0.3324553370475769,0.6195352077484131,-0.008136752061545849,638,669,artificial_jewellery,video_20260405_105612_edit,frame_000030.jpg,000030
1,Left,2,0.349199116230011,0.5770633220672607,-0.008807971142232418,670,623,artificial_jewellery,video_20260405_105612_edit,frame_000030.jpg,000030
1,Left,3,0.3669170141220093,0.5557843446731567,-0.0062786596827209,704,600,artificial_jewellery,video_20260405_105612_edit,frame_000030.jpg,000030
1,Left,4,0.3781585693359375,0.538668692111969,-0.0032756526488810778,726,581,artificial_jewellery,video_20260405_105612_edit,frame_000030.jpg,000030
1,Left,5,0.37396660447120667,0.5949469804763794,-0.011967598460614681,718,642,artificial_jewellery,video_20260405_105612_edit,frame_000030.jpg,000030
1,Left,6,0.39136049151420593,0.5537900328636169,-0.008784869685769081,751,598,artificial_jewellery,video_20260405_105612_edit,frame_000030.jpg,000030
1,Left,7,0.4003360867500305,0.5317054986953735,-0.006054688710719347,768,574,artificial_jewellery,video_20260405_105612_edit,frame_000030.jpg,000030
1,Left,8,0.40770336985588074,0.517242968082428,-0.0044482978992164135,782,558,artificial_jewellery,video_20260405_105612_edit,frame_000030.jpg,000030
1,Left,9,0.38169220089912415,0.6213789582252502,-0.005174263380467892,732,671,artificial_jewellery,video_20260405_105612_edit,frame_000030.jpg,000030
1,Left,10,0.3967011868953705,0.5876983404159546,-0.0001286146871279925,761,634,artificial_jewellery,video_20260405_105612_edit,frame_000030.jpg,000030
1,Left,11,0.39983588457107544,0.5680614709854126,0.002601432614028454,767,613,artificial_jewellery,video_20260405_105612_edit,frame_000030.jpg,000030
1,Left,12,0.3999629020690918,0.5587887167930603,0.0037009865045547485,767,603,artificial_jewellery,video_20260405_105612_edit,frame_000030.jpg,000030
1,Left,13,0.38199710845947266,0.6450351476669312,0.002194958506152034,733,696,artificial_jewellery,video_20260405_105612_edit,frame_000030.jpg,000030
1,Left,14,0.3868717849254608,0.6162642240524292,0.0061130826361477375,742,665,artificial_jewellery,video_20260405_105612_edit,frame_000030.jpg,000030
1,Left,15,0.38127073645591736,0.6038732528686523,0.007199698127806187,732,652,artificial_jewellery,video_20260405_105612_edit,frame_000030.jpg,000030
1,Left,16,0.37465405464172363,0.6034887433052063,0.0074984231032431126,719,651,artificial_jewellery,video_20260405_105612_edit,frame_000030.jpg,000030
1,Left,17,0.3796809911727905,0.6641241312026978,0.009440128691494465,728,717,artificial_jewellery,video_20260405_105612_edit,frame_000030.jpg,000030
1,Left,18,0.3819524645805359,0.6378327012062073,0.01172541081905365,733,688,artificial_jewellery,video_20260405_105612_edit,frame_000030.jpg,000030
1,Left,19,0.37659645080566406,0.6270745992660522,0.013860557228326797,723,677,artificial_jewellery,video_20260405_105612_edit,frame_000030.jpg,000030
1,Left,20,0.3702869713306427,0.6269159317016602,0.01576297916471958,710,677,artificial_jewellery,video_20260405_105612_edit,frame_000030.jpg,000030
0,Right,0,0.48484280705451965,0.5514653325080872,1.4357074462623132e-07,930,595,artificial_jewellery,video_20260405_105612_edit,frame_000060.jpg,000060
0,Right,1,0.485158771276474,0.4972892999649048,-0.010588401928544044,931,537,artificial_jewellery,video_20260405_105612_edit,frame_000060.jpg,000060
0,Right,2,0.4761698842048645,0.4513855576515198,-0.009917555376887321,914,487,artificial_jewellery,video_20260405_105612_edit,frame_000060.jpg,000060
0,Right,3,0.47293686866760254,0.41829898953437805,-0.0067183393985033035,908,451,artificial_jewellery,video_20260405_105612_edit,frame_000060.jpg,000060
0,Right,4,0.4721705913543701,0.39686912298202515,-0.002606548834592104,906,428,artificial_jewellery,video_20260405_105612_edit,frame_000060.jpg,000060
0,Right,5,0.44117066264152527,0.4772872030735016,0.0055058603174984455,847,515,artificial_jewellery,video_20260405_105612_edit,frame_000060.jpg,000060
0,Right,6,0.41750213503837585,0.45480260252952576,0.014082399196922779,801,491,artificial_jewellery,video_20260405_105612_edit,frame_000060.jpg,000060
0,Right,7,0.4090856611728668,0.4455767273902893,0.01897377148270607,785,481,artificial_jewellery,video_20260405_105612_edit,frame_000060.jpg,000060
0,Right,8,0.40487775206565857,0.44263479113578796,0.021981073543429375,777,478,artificial_jewellery,video_20260405_105612_edit,frame_000060.jpg,000060
0,Right,9,0.43639811873435974,0.5038617253303528,0.013906141743063927,837,544,artificial_jewellery,video_20260405_105612_edit,frame_000060.jpg,000060
0,Right,10,0.41314756870269775,0.4970345199108124,0.023029260337352753,793,536,artificial_jewellery,video_20260405_105612_edit,frame_000060.jpg,000060
0,Right,11,0.40095967054367065,0.49324145913124084,0.02368716523051262,769,532,artificial_jewellery,video_20260405_105612_edit,frame_000060.jpg,000060
0,Right,12,0.39323508739471436,0.49408578872680664,0.023451680317521095,755,533,artificial_jewellery,video_20260405_105612_edit,frame_000060.jpg,000060
0,Right,13,0.4360884428024292,0.5238540768623352,0.02139807678759098,837,565,artificial_jewellery,video_20260405_105612_edit,frame_000060.jpg,000060
0,Right,14,0.41564640402793884,0.5191609263420105,0.02808716893196106,798,560,artificial_jewellery,video_20260405_105612_edit,frame_000060.jpg,000060
0,Right,15,0.40275275707244873,0.5157660245895386,0.027308033779263496,773,557,artificial_jewellery,video_20260405_105612_edit,frame_000060.jpg,000060
0,Right,16,0.3941941261291504,0.5151406526565552,0.026346303522586823,756,556,artificial_jewellery,video_20260405_105612_edit,frame_000060.jpg,000060
0,Right,17,0.4403373897075653,0.535857081413269,0.027942033484578133,845,578,artificial_jewellery,video_20260405_105612_edit,frame_000060.jpg,000060
0,Right,18,0.422963947057724,0.5312685966491699,0.03234100714325905,812,573,artificial_jewellery,video_20260405_105612_edit,frame_000060.jpg,000060
0,Right,19,0.41062790155410767,0.5282765626907349,0.033387668430805206,788,570,artificial_jewellery,video_20260405_105612_edit,frame_000060.jpg,000060
0,Right,20,0.4013080596923828,0.526748538017273,0.03433741629123688,770,568,artificial_jewellery,video_20260405_105612_edit,frame_000060.jpg,000060
0,Left,0,0.47479528188705444,0.5099254250526428,1.3023058897942974e-07,911,550,artificial_jewellery,video_20260405_105612_edit,frame_000090.jpg,000090
0,Left,1,0.44479307532310486,0.49203386902809143,-0.01607702486217022,854,531,artificial_jewellery,video_20260405_105612_edit,frame_000090.jpg,000090
0,Left,2,0.42211106419563293,0.4565075933933258,-0.015239258296787739,810,493,artificial_jewellery,video_20260405_105612_edit,frame_000090.jpg,000090
0,Left,3,0.4042249023914337,0.4329094886779785,-0.009284565225243568,776,467,artificial_jewellery,video_20260405_105612_edit,frame_000090.jpg,000090
0,Left,4,0.39186355471611023,0.4199008345603943,-0.0016455097356811166,752,453,artificial_jewellery,video_20260405_105612_edit,frame_000090.jpg,000090
0,Left,5,0.45376721024513245,0.3900871276855469,-0.0036865698639303446,871,421,artificial_jewellery,video_20260405_105612_edit,frame_000090.jpg,000090
0,Left,6,0.445131778717041,0.3421950340270996,0.007050670683383942,854,369,artificial_jewellery,video_20260405_105612_edit,frame_000090.jpg,000090
0,Left,7,0.436454176902771,0.32701677083969116,0.014383835718035698,837,353,artificial_jewellery,video_20260405_105612_edit,frame_000090.jpg,000090
0,Left,8,0.4299207329750061,0.31770533323287964,0.019223226234316826,825,343,artificial_jewellery,video_20260405_105612_edit,frame_000090.jpg,000090
0,Left,9,0.46336692571640015,0.3987041711807251,0.010513382032513618,889,430,artificial_jewellery,video_20260405_105612_edit,frame_000090.jpg,000090
0,Left,10,0.4527565836906433,0.3596402406692505,0.023592662066221237,869,388,artificial_jewellery,video_20260405_105612_edit,frame_000090.jpg,000090
0,Left,11,0.43821200728416443,0.3481452465057373,0.02999808080494404,841,375,artificial_jewellery,video_20260405_105612_edit,frame_000090.jpg,000090
0,Left,12,0.42927834391593933,0.3477856516838074,0.033651746809482574,824,375,artificial_jewellery,video_20260405_105612_edit,frame_000090.jpg,000090
0,Left,13,0.46778517961502075,0.41552525758743286,0.024058977141976357,898,448,artificial_jewellery,video_20260405_105612_edit,frame_000090.jpg,000090
0,Left,14,0.4547506272792816,0.3930199146270752,0.03487570583820343,873,424,artificial_jewellery,video_20260405_105612_edit,frame_000090.jpg,000090
0,Left,15,0.4429602026939392,0.3843671381473541,0.03868395835161209,850,415,artificial_jewellery,video_20260405_105612_edit,frame_000090.jpg,000090
0,Left,16,0.43587416410446167,0.38603854179382324,0.0411386676132679,836,416,artificial_jewellery,video_20260405_105612_edit,frame_000090.jpg,000090
0,Left,17,0.4688359200954437,0.4317217171192169,0.036441147327423096,900,466,artificial_jewellery,video_20260405_105612_edit,frame_000090.jpg,000090
0,Left,18,0.4554074704647064,0.4142869710922241,0.043080270290374756,874,447,artificial_jewellery,video_20260405_105612_edit,frame_000090.jpg,000090
0,Left,19,0.4460187554359436,0.41079261898994446,0.046924762427806854,856,443,artificial_jewellery,video_20260405_105612_edit,frame_000090.jpg,000090
0,Left,20,0.4415629208087921,0.41467979550361633,0.050679173320531845,847,447,artificial_jewellery,video_20260405_105612_edit,frame_000090.jpg,000090
1,Right,0,0.2915118932723999,0.5103021860122681,3.6180634310767346e-07,559,551,artificial_jewellery,video_20260405_105612_edit,frame_000090.jpg,000090
1,Right,1,0.3211711049079895,0.4919919967651367,-0.018188878893852234,616,531,artificial_jewellery,video_20260405_105612_edit,frame_000090.jpg,000090
1,Right,2,0.34454184770584106,0.44670188426971436,-0.01772051677107811,661,482,artificial_jewellery,video_20260405_105612_edit,frame_000090.jpg,000090
1,Right,3,0.36354929208755493,0.4165722727775574,-0.012334260158240795,698,449,artificial_jewellery,video_20260405_105612_edit,frame_000090.jpg,000090
1,Right,4,0.37886855006217957,0.38798952102661133,-0.005194960627704859,727,419,artificial_jewellery,video_20260405_105612_edit,frame_000090.jpg,000090
1,Right,5,0.3074776530265808,0.3893589973449707,0.006352994125336409,590,420,artificial_jewellery,video_20260405_105612_edit,frame_000090.jpg,000090
1,Right,6,0.31728699803352356,0.3438420593738556,0.018633931875228882,609,371,artificial_jewellery,video_20260405_105612_edit,frame_000090.jpg,000090
1,Right,7,0.32858172059059143,0.32245373725891113,0.023928727954626083,630,348,artificial_jewellery,video_20260405_105612_edit,frame_000090.jpg,000090
1,Right,8,0.3369722068309784,0.3100827932357788,0.026779504492878914,646,334,artificial_jewellery,video_20260405_105612_edit,frame_000090.jpg,000090
1,Right,9,0.2979773283004761,0.3944512605667114,0.020866651087999344,572,426,artificial_jewellery,video_20260405_105612_edit,frame_000090.jpg,000090
1,Right,10,0.30573275685310364,0.3552702069282532,0.03530018776655197,587,383,artificial_jewellery,video_20260405_105612_edit,frame_000090.jpg,000090
1,Right,11,0.3180493116378784,0.33522307872772217,0.03741256147623062,610,362,artificial_jewellery,video_20260405_105612_edit,frame_000090.jpg,000090
1,Right,12,0.32938873767852783,0.32605838775634766,0.03721870854496956,632,352,artificial_jewellery,video_20260405_105612_edit,frame_000090.jpg,000090
1,Right,13,0.29310327768325806,0.40320172905921936,0.0338444747030735,562,435,artificial_jewellery,video_20260405_105612_edit,frame_000090.jpg,000090
1,Right,14,0.3012576401233673,0.37197986245155334,0.0460672602057457,578,401,artificial_jewellery,video_20260405_105612_edit,frame_000090.jpg,000090
1,Right,15,0.31177812814712524,0.3551543653011322,0.04803689569234848,598,383,artificial_jewellery,video_20260405_105612_edit,frame_000090.jpg,000090
1,Right,16,0.32276591658592224,0.34568849205970764,0.04786324501037598,619,373,artificial_jewellery,video_20260405_105612_edit,frame_000090.jpg,000090
1,Right,17,0.2937008738517761,0.41407310962677,0.04482489079236984,563,447,artificial_jewellery,video_20260405_105612_edit,frame_000090.jpg,000090
1,Right,18,0.3033396899700165,0.385949045419693,0.05360443890094757,582,416,artificial_jewellery,video_20260405_105612_edit,frame_000090.jpg,000090
1,Right,19,0.3120598793029785,0.37153953313827515,0.05707380920648575,599,401,artificial_jewellery,video_20260405_105612_edit,frame_000090.jpg,000090
1,Right,20,0.3204639256000519,0.36223509907722473,0.05923723429441452,615,391,artificial_jewellery,video_20260405_105612_edit,frame_000090.jpg,000090
0,Left,0,0.4725534915924072,0.47797274589538574,1.0413275930432064e-07,907,516,artificial_jewellery,video_20260405_105612_edit,frame_000120.jpg,000120
0,Left,1,0.43949130177497864,0.46345585584640503,-0.019924934953451157,843,500,artificial_jewellery,video_20260405_105612_edit,frame_000120.jpg,000120
0,Left,2,0.41697958111763,0.42726990580558777,-0.02168791927397251,800,461,artificial_jewellery,video_20260405_105612_edit,frame_000120.jpg,000120
0,Left,3,0.40085840225219727,0.4002282917499542,-0.017592046409845352,769,432,artificial_jewellery,video_20260405_105612_edit,frame_000120.jpg,000120
0,Left,4,0.3877740502357483,0.38259825110435486,-0.011747468262910843,744,413,artificial_jewellery,video_20260405_105612_edit,frame_000120.jpg,000120
0,Left,5,0.450431227684021,0.34895384311676025,-0.010193152353167534,864,376,artificial_jewellery,video_20260405_105612_edit,frame_000120.jpg,000120
0,Left,6,0.44235652685165405,0.29295164346694946,-0.0007762798923067749,849,316,artificial_jewellery,video_20260405_105612_edit,frame_000120.jpg,000120
0,Left,7,0.42879047989845276,0.27849918603897095,0.004745702724903822,823,300,artificial_jewellery,video_20260405_105612_edit,frame_000120.jpg,000120
0,Left,8,0.41715967655181885,0.2754545509815216,0.008174995891749859,800,297,artificial_jewellery,video_20260405_105612_edit,frame_000120.jpg,000120
0,Left,9,0.4623858332633972,0.3541128635406494,0.005328868515789509,887,382,artificial_jewellery,video_20260405_105612_edit,frame_000120.jpg,000120
0,Left,10,0.4506649672985077,0.3121981918811798,0.01781674660742283,865,337,artificial_jewellery,video_20260405_105612_edit,frame_000120.jpg,000120
0,Left,11,0.4324970841407776,0.29994213581085205,0.022275075316429138,830,323,artificial_jewellery,video_20260405_105612_edit,frame_000120.jpg,000120
0,Left,12,0.4197450876235962,0.3040040135383606,0.023508651182055473,805,328,artificial_jewellery,video_20260405_105612_edit,frame_000120.jpg,000120
0,Left,13,0.466984361410141,0.368946373462677,0.020173178985714912,896,398,artificial_jewellery,video_20260405_105612_edit,frame_000120.jpg,000120
0,Left,14,0.45136356353759766,0.3437110185623169,0.031235622242093086,866,371,artificial_jewellery,video_20260405_105612_edit,frame_000120.jpg,000120
0,Left,15,0.43725505471229553,0.33709850907325745,0.0330636091530323,839,364,artificial_jewellery,video_20260405_105612_edit,frame_000120.jpg,000120
0,Left,16,0.42683348059654236,0.3435385823249817,0.032975345849990845,819,371,artificial_jewellery,video_20260405_105612_edit,frame_000120.jpg,000120
0,Left,17,0.46728166937828064,0.3824433386325836,0.03352335840463638,897,413,artificial_jewellery,video_20260405_105612_edit,frame_000120.jpg,000120
0,Left,18,0.45226165652275085,0.3636839687824249,0.03938309848308563,868,392,artificial_jewellery,video_20260405_105612_edit,frame_000120.jpg,000120
0,Left,19,0.43949776887893677,0.3601110577583313,0.041161976754665375,843,388,artificial_jewellery,video_20260405_105612_edit,frame_000120.jpg,000120
0,Left,20,0.4301954507827759,0.3669455051422119,0.04272051900625229,825,396,artificial_jewellery,video_20260405_105612_edit,frame_000120.jpg,000120
0,Left,0,0.26690369844436646,0.46112361550331116,2.2357596662914148e-07,512,498,artificial_jewellery,video_20260405_105612_edit,frame_000210.jpg,000210
0,Left,1,0.26457396149635315,0.41980379819869995,-0.005651336628943682,507,453,artificial_jewellery,video_20260405_105612_edit,frame_000210.jpg,000210
0,Left,2,0.2774408161640167,0.36872589588165283,-0.011236109770834446,532,398,artificial_jewellery,video_20260405_105612_edit,frame_000210.jpg,000210
0,Left,3,0.2985098361968994,0.3325278162956238,-0.016363078728318214,573,359,artificial_jewellery,video_20260405_105612_edit,frame_000210.jpg,000210
0,Left,4,0.3142161965370178,0.3072506785392761,-0.02085905149579048,603,331,artificial_jewellery,video_20260405_105612_edit,frame_000210.jpg,000210
0,Left,5,0.2569979429244995,0.34716853499412537,-0.008572205901145935,493,374,artificial_jewellery,video_20260405_105612_edit,frame_000210.jpg,000210
0,Left,6,0.2630504369735718,0.292718768119812,-0.016117572784423828,505,316,artificial_jewellery,video_20260405_105612_edit,frame_000210.jpg,000210
0,Left,7,0.26955074071884155,0.25547605752944946,-0.02097291685640812,517,275,artificial_jewellery,video_20260405_105612_edit,frame_000210.jpg,000210
0,Left,8,0.2745402157306671,0.23148705065250397,-0.0232145544141531,527,250,artificial_jewellery,video_20260405_105612_edit,frame_000210.jpg,000210
0,Left,9,0.2655564248561859,0.3570486009120941,-0.009669334627687931,509,385,artificial_jewellery,video_20260405_105612_edit,frame_000210.jpg,000210
0,Left,10,0.27179354429244995,0.30226150155067444,-0.015021668747067451,521,326,artificial_jewellery,video_20260405_105612_edit,frame_000210.jpg,000210
0,Left,11,0.2797500491142273,0.26496249437332153,-0.01773720048367977,537,286,artificial_jewellery,video_20260405_105612_edit,frame_000210.jpg,000210
0,Left,12,0.28830933570861816,0.23659884929656982,-0.018841443583369255,553,255,artificial_jewellery,video_20260405_105612_edit,frame_000210.jpg,000210
0,Left,13,0.28027036786079407,0.3734603226184845,-0.011155922897160053,538,403,artificial_jewellery,video_20260405_105612_edit,frame_000210.jpg,000210
0,Left,14,0.29630470275878906,0.32821235060691833,-0.016096506267786026,568,354,artificial_jewellery,video_20260405_105612_edit,frame_000210.jpg,000210
0,Left,15,0.30933016538619995,0.2969071567058563,-0.013670672662556171,593,320,artificial_jewellery,video_20260405_105612_edit,frame_000210.jpg,000210
0,Left,16,0.3207171559333801,0.2750650644302368,-0.010744256898760796,615,297,artificial_jewellery,video_20260405_105612_edit,frame_000210.jpg,000210
0,Left,17,0.29713886976242065,0.3944911062717438,-0.013185116462409496,570,426,artificial_jewellery,video_20260405_105612_edit,frame_000210.jpg,000210
0,Left,18,0.31270474195480347,0.35578733682632446,-0.01573844440281391,600,384,artificial_jewellery,video_20260405_105612_edit,frame_000210.jpg,000210
0,Left,19,0.32095757126808167,0.32847461104393005,-0.01163825299590826,616,354,artificial_jewellery,video_20260405_105612_edit,frame_000210.jpg,000210
0,Left,20,0.3286671042442322,0.3057538866996765,-0.00726259546354413,631,330,artificial_jewellery,video_20260405_105612_edit,frame_000210.jpg,000210
1,Left,0,0.4439481496810913,0.4724677503108978,1.3046839342223393e-07,852,510,artificial_jewellery,video_20260405_105612_edit,frame_000210.jpg,000210
1,Left,1,0.4101124107837677,0.4432048797607422,-0.02018693834543228,787,478,artificial_jewellery,video_20260405_105612_edit,frame_000210.jpg,000210
1,Left,2,0.3899089992046356,0.38636645674705505,-0.021633202210068703,748,417,artificial_jewellery,video_20260405_105612_edit,frame_000210.jpg,000210
1,Left,3,0.37405604124069214,0.3428766131401062,-0.016727037727832794,718,370,artificial_jewellery,video_20260405_105612_edit,frame_000210.jpg,000210
1,Left,4,0.35651877522468567,0.31162282824516296,-0.008735843002796173,684,336,artificial_jewellery,video_20260405_105612_edit,frame_000210.jpg,000210
1,Left,5,0.4352482855319977,0.33001258969306946,-0.008491619490087032,835,356,artificial_jewellery,video_20260405_105612_edit,frame_000210.jpg,000210
1,Left,6,0.43040624260902405,0.2642737329006195,0.005781663581728935,826,285,artificial_jewellery,video_20260405_105612_edit,frame_000210.jpg,000210
1,Left,7,0.4150460958480835,0.24830499291419983,0.018053149804472923,796,268,artificial_jewellery,video_20260405_105612_edit,frame_000210.jpg,000210
1,Left,8,0.4023090600967407,0.2512661814689636,0.026505038142204285,772,271,artificial_jewellery,video_20260405_105612_edit,frame_000210.jpg,000210
1,Left,9,0.448852002620697,0.3375164866447449,0.009781474247574806,861,364,artificial_jewellery,video_20260405_105612_edit,frame_000210.jpg,000210
1,Left,10,0.43755924701690674,0.2856975793838501,0.025475529953837395,840,308,artificial_jewellery,video_20260405_105612_edit,frame_000210.jpg,000210
1,Left,11,0.4198259115219116,0.272761732339859,0.0345739908516407,806,294,artificial_jewellery,video_20260405_105612_edit,frame_000210.jpg,000210
1,Left,12,0.40726110339164734,0.2755677103996277,0.039607614278793335,781,297,artificial_jewellery,video_20260405_105612_edit,frame_000210.jpg,000210
1,Left,13,0.45430171489715576,0.35414859652519226,0.02780049294233322,872,382,artificial_jewellery,video_20260405_105612_edit,frame_000210.jpg,000210
1,Left,14,0.44056037068367004,0.3186722695827484,0.042573314160108566,845,344,artificial_jewellery,video_20260405_105612_edit,frame_000210.jpg,000210
1,Left,15,0.4249836802482605,0.3035537004470825,0.048490479588508606,815,327,artificial_jewellery,video_20260405_105612_edit,frame_000210.jpg,000210
1,Left,16,0.4123591482639313,0.30393198132514954,0.05087222903966904,791,328,artificial_jewellery,video_20260405_105612_edit,frame_000210.jpg,000210
1,Left,17,0.45537716150283813,0.3700408935546875,0.044369060546159744,874,399,artificial_jewellery,video_20260405_105612_edit,frame_000210.jpg,000210
1,Left,18,0.4416769742965698,0.33715471625328064,0.05424952134490013,848,364,artificial_jewellery,video_20260405_105612_edit,frame_000210.jpg,000210
1,Left,19,0.42696988582611084,0.3256169557571411,0.0584966242313385,819,351,artificial_jewellery,video_20260405_105612_edit,frame_000210.jpg,000210
1,Left,20,0.4155760109424591,0.32682907581329346,0.06143329292535782,797,352,artificial_jewellery,video_20260405_105612_edit,frame_000210.jpg,000210
0,Left,0,0.4485207498073578,0.47080346941947937,2.1118843562817347e-07,861,508,artificial_jewellery,video_20260405_105612_edit,frame_000240.jpg,000240
0,Left,1,0.4182339906692505,0.4352562725543976,-0.021734774112701416,803,470,artificial_jewellery,video_20260405_105612_edit,frame_000240.jpg,000240
0,Left,2,0.4004913568496704,0.3829367458820343,-0.023267773911356926,768,413,artificial_jewellery,video_20260405_105612_edit,frame_000240.jpg,000240
0,Left,3,0.3852185606956482,0.33575886487960815,-0.019450554624199867,739,362,artificial_jewellery,video_20260405_105612_edit,frame_000240.jpg,000240
0,Left,4,0.3708505630493164,0.29709717631340027,-0.013482966460287571,712,320,artificial_jewellery,video_20260405_105612_edit,frame_000240.jpg,000240
0,Left,5,0.4401730000972748,0.32706305384635925,0.004249990452080965,845,353,artificial_jewellery,video_20260405_105612_edit,frame_000240.jpg,000240
0,Left,6,0.4317876100540161,0.2663000524044037,0.019839849323034286,829,287,artificial_jewellery,video_20260405_105612_edit,frame_000240.jpg,000240
0,Left,7,0.417508065700531,0.24722126126289368,0.028927884995937347,801,266,artificial_jewellery,video_20260405_105612_edit,frame_000240.jpg,000240
0,Left,8,0.40682193636894226,0.2449648082256317,0.03463114798069,781,264,artificial_jewellery,video_20260405_105612_edit,frame_000240.jpg,000240
0,Left,9,0.44997191429138184,0.3377249836921692,0.02226920984685421,863,364,artificial_jewellery,video_20260405_105612_edit,frame_000240.jpg,000240
0,Left,10,0.4384988844394684,0.28660157322883606,0.04144294187426567,841,309,artificial_jewellery,video_20260405_105612_edit,frame_000240.jpg,000240
0,Left,11,0.42126816511154175,0.2686711847782135,0.04772717505693436,808,290,artificial_jewellery,video_20260405_105612_edit,frame_000240.jpg,000240
0,Left,12,0.4084475636482239,0.2652741074562073,0.049908045679330826,784,286,artificial_jewellery,video_20260405_105612_edit,frame_000240.jpg,000240
0,Left,13,0.4521242082118988,0.3537558317184448,0.03867270424962044,868,382,artificial_jewellery,video_20260405_105612_edit,frame_000240.jpg,000240
0,Left,14,0.4388929009437561,0.3190382421016693,0.056038614362478256,842,344,artificial_jewellery,video_20260405_105612_edit,frame_000240.jpg,000240
0,Left,15,0.4249621033668518,0.3028219938278198,0.06012752652168274,815,327,artificial_jewellery,video_20260405_105612_edit,frame_000240.jpg,000240
0,Left,16,0.4133443236351013,0.3008882999420166,0.06049080565571785,793,324,artificial_jewellery,video_20260405_105612_edit,frame_000240.jpg,000240
0,Left,17,0.45076942443847656,0.3678041100502014,0.05290453881025314,865,397,artificial_jewellery,video_20260405_105612_edit,frame_000240.jpg,000240
0,Left,18,0.4378049969673157,0.33894890546798706,0.06543271988630295,840,366,artificial_jewellery,video_20260405_105612_edit,frame_000240.jpg,000240
0,Left,19,0.42622560262680054,0.32774052023887634,0.07006093859672546,818,353,artificial_jewellery,video_20260405_105612_edit,frame_000240.jpg,000240
0,Left,20,0.41719138622283936,0.3270423710346222,0.07253272086381912,801,353,artificial_jewellery,video_20260405_105612_edit,frame_000240.jpg,000240
1,Right,0,0.2649770975112915,0.476900190114975,3.871260219057149e-07,508,515,artificial_jewellery,video_20260405_105612_edit,frame_000240.jpg,000240
1,Right,1,0.29949668049812317,0.4442213177680969,-0.020546279847621918,575,479,artificial_jewellery,video_20260405_105612_edit,frame_000240.jpg,000240
1,Right,2,0.320313036441803,0.3915454149246216,-0.021669508889317513,615,422,artificial_jewellery,video_20260405_105612_edit,frame_000240.jpg,000240
1,Right,3,0.33833491802215576,0.3554919362068176,-0.018009472638368607,649,383,artificial_jewellery,video_20260405_105612_edit,frame_000240.jpg,000240
1,Right,4,0.35303109884262085,0.32623565196990967,-0.012318599969148636,677,352,artificial_jewellery,video_20260405_105612_edit,frame_000240.jpg,000240
1,Right,5,0.27938443422317505,0.33508965373039246,0.0013343511382117867,536,361,artificial_jewellery,video_20260405_105612_edit,frame_000240.jpg,000240
1,Right,6,0.283711314201355,0.27420496940612793,0.011100910604000092,544,296,artificial_jewellery,video_20260405_105612_edit,frame_000240.jpg,000240
1,Right,7,0.28917819261550903,0.237652987241745,0.015616074204444885,555,256,artificial_jewellery,video_20260405_105612_edit,frame_000240.jpg,000240
1,Right,8,0.2929646670818329,0.21292881667613983,0.01832660101354122,562,229,artificial_jewellery,video_20260405_105612_edit,frame_000240.jpg,000240
1,Right,9,0.26623985171318054,0.3416685461997986,0.016404975205659866,511,369,artificial_jewellery,video_20260405_105612_edit,frame_000240.jpg,000240
1,Right,10,0.27242133021354675,0.29338976740837097,0.02961789444088936,523,316,artificial_jewellery,video_20260405_105612_edit,frame_000240.jpg,000240
1,Right,11,0.2816314399242401,0.2613552212715149,0.032087456434965134,540,282,artificial_jewellery,video_20260405_105612_edit,frame_000240.jpg,000240
1,Right,12,0.2910175621509552,0.2393004298210144,0.03273944556713104,558,258,artificial_jewellery,video_20260405_105612_edit,frame_000240.jpg,000240
1,Right,13,0.26122844219207764,0.3554457128047943,0.029923349618911743,501,383,artificial_jewellery,video_20260405_105612_edit,frame_000240.jpg,000240
1,Right,14,0.27338334918022156,0.32237836718559265,0.041370637714862823,524,348,artificial_jewellery,video_20260405_105612_edit,frame_000240.jpg,000240
1,Right,15,0.28464001417160034,0.30360689759254456,0.04322362691164017,546,327,artificial_jewellery,video_20260405_105612_edit,frame_000240.jpg,000240
1,Right,16,0.29654234647750854,0.292193204164505,0.04357697814702988,569,315,artificial_jewellery,video_20260405_105612_edit,frame_000240.jpg,000240
1,Right,17,0.26366525888442993,0.3723098635673523,0.04111846908926964,506,402,artificial_jewellery,video_20260405_105612_edit,frame_000240.jpg,000240
1,Right,18,0.27927255630493164,0.35397660732269287,0.04934387654066086,536,382,artificial_jewellery,video_20260405_105612_edit,frame_000240.jpg,000240
1,Right,19,0.2901187539100647,0.34237736463546753,0.052583131939172745,557,369,artificial_jewellery,video_20260405_105612_edit,frame_000240.jpg,000240
1,Right,20,0.299919992685318,0.3369707763195038,0.05535658076405525,575,363,artificial_jewellery,video_20260405_105612_edit,frame_000240.jpg,000240
0,Right,0,0.44761914014816284,0.447981059551239,2.891069925681222e-07,859,483,artificial_jewellery,video_20260405_105612_edit,frame_000270.jpg,000270
0,Right,1,0.43578606843948364,0.4047226905822754,-0.02143307961523533,836,437,artificial_jewellery,video_20260405_105612_edit,frame_000270.jpg,000270
0,Right,2,0.41949671506881714,0.34295976161956787,-0.02037159353494644,805,370,artificial_jewellery,video_20260405_105612_edit,frame_000270.jpg,000270
0,Right,3,0.40756672620773315,0.2981930375099182,-0.012633927166461945,782,322,artificial_jewellery,video_20260405_105612_edit,frame_000270.jpg,000270
0,Right,4,0.3982882499694824,0.2631825804710388,-0.002038052072748542,764,284,artificial_jewellery,video_20260405_105612_edit,frame_000270.jpg,000270
0,Right,5,0.4090590476989746,0.32852089405059814,-0.006345019675791264,785,354,artificial_jewellery,video_20260405_105612_edit,frame_000270.jpg,000270
0,Right,6,0.4004588723182678,0.26552632451057434,0.0012511145323514938,768,286,artificial_jewellery,video_20260405_105612_edit,frame_000270.jpg,000270
0,Right,7,0.3981494605541229,0.23528242111206055,0.006298088934272528,764,254,artificial_jewellery,video_20260405_105612_edit,frame_000270.jpg,000270
0,Right,8,0.3980727195739746,0.21727803349494934,0.010415155440568924,764,234,artificial_jewellery,video_20260405_105612_edit,frame_000270.jpg,000270
0,Right,9,0.40753528475761414,0.3402087688446045,0.011108535341918468,782,367,artificial_jewellery,video_20260405_105612_edit,frame_000270.jpg,000270
0,Right,10,0.3995658755302429,0.2823059558868408,0.020871898159384727,767,304,artificial_jewellery,video_20260405_105612_edit,frame_000270.jpg,000270
0,Right,11,0.39696645736694336,0.25200289487838745,0.024735383689403534,762,272,artificial_jewellery,video_20260405_105612_edit,frame_000270.jpg,000270
0,Right,12,0.398355633020401,0.23491716384887695,0.02725793421268463,764,253,artificial_jewellery,video_20260405_105612_edit,frame_000270.jpg,000270
0,Right,13,0.40891212224960327,0.35222727060317993,0.027079014107584953,785,380,artificial_jewellery,video_20260405_105612_edit,frame_000270.jpg,000270
0,Right,14,0.4017323851585388,0.3003898561000824,0.035210467875003815,771,324,artificial_jewellery,video_20260405_105612_edit,frame_000270.jpg,000270
0,Right,15,0.40062209963798523,0.27352485060691833,0.03650237247347832,769,295,artificial_jewellery,video_20260405_105612_edit,frame_000270.jpg,000270
0,Right,16,0.40258297324180603,0.2576502561569214,0.03736434131860733,772,278,artificial_jewellery,video_20260405_105612_edit,frame_000270.jpg,000270
0,Right,17,0.4139235317707062,0.3592904210090637,0.04132608696818352,794,388,artificial_jewellery,video_20260405_105612_edit,frame_000270.jpg,000270
0,Right,18,0.4087941646575928,0.31468072533607483,0.04776274412870407,784,339,artificial_jewellery,video_20260405_105612_edit,frame_000270.jpg,000270
0,Right,19,0.4079306721687317,0.28967297077178955,0.04951760545372963,783,312,artificial_jewellery,video_20260405_105612_edit,frame_000270.jpg,000270
0,Right,20,0.4089106023311615,0.27439942955970764,0.051304154098033905,785,296,artificial_jewellery,video_20260405_105612_edit,frame_000270.jpg,000270
1,Right,0,0.2691982388496399,0.4742409586906433,3.82078383154294e-07,516,512,artificial_jewellery,video_20260405_105612_edit,frame_000270.jpg,000270
1,Right,1,0.2862989008426666,0.43060103058815,-0.025313343852758408,549,465,artificial_jewellery,video_20260405_105612_edit,frame_000270.jpg,000270
1,Right,2,0.3011159896850586,0.37925902009010315,-0.027841879054903984,578,409,artificial_jewellery,video_20260405_105612_edit,frame_000270.jpg,000270
1,Right,3,0.3180947005748749,0.3374592959880829,-0.025393597781658173,610,364,artificial_jewellery,video_20260405_105612_edit,frame_000270.jpg,000270
1,Right,4,0.33032575249671936,0.30142953991889954,-0.021118534728884697,634,325,artificial_jewellery,video_20260405_105612_edit,frame_000270.jpg,000270
1,Right,5,0.2712608873844147,0.33086419105529785,0.005498175974935293,520,357,artificial_jewellery,video_20260405_105612_edit,frame_000270.jpg,000270
1,Right,6,0.27537986636161804,0.27534645795822144,0.015325122512876987,528,297,artificial_jewellery,video_20260405_105612_edit,frame_000270.jpg,000270
1,Right,7,0.2805961072444916,0.23904015123844147,0.01804472878575325,538,258,artificial_jewellery,video_20260405_105612_edit,frame_000270.jpg,000270
1,Right,8,0.284563809633255,0.2138005495071411,0.01889343000948429,546,230,artificial_jewellery,video_20260405_105612_edit,frame_000270.jpg,000270
1,Right,9,0.2770684063434601,0.34487995505332947,0.021372267976403236,531,372,artificial_jewellery,video_20260405_105612_edit,frame_000270.jpg,000270
1,Right,10,0.2850961685180664,0.30065101385116577,0.034712135791778564,547,324,artificial_jewellery,video_20260405_105612_edit,frame_000270.jpg,000270
1,Right,11,0.29565176367759705,0.27423715591430664,0.034420788288116455,567,296,artificial_jewellery,video_20260405_105612_edit,frame_000270.jpg,000270
1,Right,12,0.3066364824771881,0.25442683696746826,0.03221890702843666,588,274,artificial_jewellery,video_20260405_105612_edit,frame_000270.jpg,000270
1,Right,13,0.28610482811927795,0.3629167675971985,0.03456342592835426,549,391,artificial_jewellery,video_20260405_105612_edit,frame_000270.jpg,000270
1,Right,14,0.2990439236164093,0.3310477137565613,0.04505942389369011,574,357,artificial_jewellery,video_20260405_105612_edit,frame_000270.jpg,000270
1,Right,15,0.31031712889671326,0.31238076090812683,0.043846093118190765,595,337,artificial_jewellery,video_20260405_105612_edit,frame_000270.jpg,000270
1,Right,16,0.32212820649147034,0.2985244691371918,0.04108434543013573,618,322,artificial_jewellery,video_20260405_105612_edit,frame_000270.jpg,000270
1,Right,17,0.29651638865470886,0.3822398781776428,0.04500060901045799,569,412,artificial_jewellery,video_20260405_105612_edit,frame_000270.jpg,000270
1,Right,18,0.3093632757663727,0.35644176602363586,0.05231185629963875,593,384,artificial_jewellery,video_20260405_105612_edit,frame_000270.jpg,000270
1,Right,19,0.31850358843803406,0.3421943187713623,0.05410698801279068,611,369,artificial_jewellery,video_20260405_105612_edit,frame_000270.jpg,000270
1,Right,20,0.32726478576660156,0.33236563205718994,0.0549488291144371,628,358,artificial_jewellery,video_20260405_105612_edit,frame_000270.jpg,000270
0,Left,0,0.2745182514190674,0.48525118827819824,1.460095404581807e-07,527,524,artificial_jewellery,video_20260405_105612_edit,frame_000300.jpg,000300
0,Left,1,0.2652466893196106,0.42801645398139954,-0.010056345723569393,509,462,artificial_jewellery,video_20260405_105612_edit,frame_000300.jpg,000300
0,Left,2,0.27772289514541626,0.36571717262268066,-0.012663494795560837,533,394,artificial_jewellery,video_20260405_105612_edit,frame_000300.jpg,000300
0,Left,3,0.2957231402397156,0.32759055495262146,-0.011303889565169811,567,353,artificial_jewellery,video_20260405_105612_edit,frame_000300.jpg,000300
0,Left,4,0.309943825006485,0.3073939085006714,-0.00871709082275629,595,331,artificial_jewellery,video_20260405_105612_edit,frame_000300.jpg,000300
0,Left,5,0.28328561782836914,0.3711726665496826,-0.017544372007250786,543,400,artificial_jewellery,video_20260405_105612_edit,frame_000300.jpg,000300
0,Left,6,0.2897058427333832,0.29902806878089905,-0.01847260072827339,556,322,artificial_jewellery,video_20260405_105612_edit,frame_000300.jpg,000300
0,Left,7,0.29326340556144714,0.25887829065322876,-0.016567107290029526,563,279,artificial_jewellery,video_20260405_105612_edit,frame_000300.jpg,000300
0,Left,8,0.2960355281829834,0.23016981780529022,-0.01474646758288145,568,248,artificial_jewellery,video_20260405_105612_edit,frame_000300.jpg,000300
0,Left,9,0.30106258392333984,0.39204949140548706,-0.01081604789942503,578,423,artificial_jewellery,video_20260405_105612_edit,frame_000300.jpg,000300
0,Left,10,0.3138710856437683,0.3379240334033966,-0.00974715780466795,602,364,artificial_jewellery,video_20260405_105612_edit,frame_000300.jpg,000300
0,Left,11,0.3180883824825287,0.31172147393226624,-0.007374457083642483,610,336,artificial_jewellery,video_20260405_105612_edit,frame_000300.jpg,000300
0,Left,12,0.3214939832687378,0.2930141091346741,-0.0057588303461670876,617,316,artificial_jewellery,video_20260405_105612_edit,frame_000300.jpg,000300
0,Left,13,0.3142092525959015,0.4145054817199707,-0.0036320053040981293,603,447,artificial_jewellery,video_20260405_105612_edit,frame_000300.jpg,000300
0,Left,14,0.322925865650177,0.3685944080352783,-0.0029517263174057007,620,398,artificial_jewellery,video_20260405_105612_edit,frame_000300.jpg,000300
0,Left,15,0.32013237476348877,0.3467333912849426,0.000165111108799465,614,374,artificial_jewellery,video_20260405_105612_edit,frame_000300.jpg,000300
0,Left,16,0.31828954815864563,0.33409392833709717,0.0026858362834900618,611,360,artificial_jewellery,video_20260405_105612_edit,frame_000300.jpg,000300
0,Left,17,0.3242008686065674,0.43230241537094116,0.0033696077298372984,622,466,artificial_jewellery,video_20260405_105612_edit,frame_000300.jpg,000300
0,Left,18,0.32816988229751587,0.39051759243011475,0.005427493713796139,630,421,artificial_jewellery,video_20260405_105612_edit,frame_000300.jpg,000300
0,Left,19,0.3229305148124695,0.3725505471229553,0.00992209929972887,620,402,artificial_jewellery,video_20260405_105612_edit,frame_000300.jpg,000300
0,Left,20,0.3191528618335724,0.3645220994949341,0.013857400976121426,612,393,artificial_jewellery,video_20260405_105612_edit,frame_000300.jpg,000300
1,Left,0,0.4503031075000763,0.4392043948173523,2.021447009781241e-08,864,474,artificial_jewellery,video_20260405_105612_edit,frame_000300.jpg,000300
1,Left,1,0.4139636158943176,0.40802785754203796,-0.01787603460252285,794,440,artificial_jewellery,video_20260405_105612_edit,frame_000300.jpg,000300
1,Left,2,0.39288803935050964,0.3546184301376343,-0.019162403419613838,754,382,artificial_jewellery,video_20260405_105612_edit,frame_000300.jpg,000300
1,Left,3,0.37703660130500793,0.3051854968070984,-0.01606759801506996,723,329,artificial_jewellery,video_20260405_105612_edit,frame_000300.jpg,000300
1,Left,4,0.3603259027004242,0.2716059386730194,-0.010566136799752712,691,293,artificial_jewellery,video_20260405_105612_edit,frame_000300.jpg,000300
1,Left,5,0.43288975954055786,0.2919986844062805,0.003998789936304092,831,315,artificial_jewellery,video_20260405_105612_edit,frame_000300.jpg,000300
1,Left,6,0.4274129569530487,0.2344040423631668,0.02113684080541134,820,253,artificial_jewellery,video_20260405_105612_edit,frame_000300.jpg,000300
1,Left,7,0.41533878445625305,0.23887322843074799,0.03324032574892044,797,257,artificial_jewellery,video_20260405_105612_edit,frame_000300.jpg,000300
1,Left,8,0.40794840455055237,0.25700801610946655,0.0412532314658165,783,277,artificial_jewellery,video_20260405_105612_edit,frame_000300.jpg,000300
1,Left,9,0.4479531943798065,0.3010881841182709,0.02041574753820896,860,325,artificial_jewellery,video_20260405_105612_edit,frame_000300.jpg,000300
1,Left,10,0.43449732661247253,0.2643606960773468,0.042097579687833786,834,285,artificial_jewellery,video_20260405_105612_edit,frame_000300.jpg,000300
1,Left,11,0.418302059173584,0.2641028165817261,0.05051390081644058,803,285,artificial_jewellery,video_20260405_105612_edit,frame_000300.jpg,000300
1,Left,12,0.40986135601997375,0.2761923670768738,0.05330256372690201,786,298,artificial_jewellery,video_20260405_105612_edit,frame_000300.jpg,000300
1,Left,13,0.4553680121898651,0.31929299235343933,0.03595482185482979,874,344,artificial_jewellery,video_20260405_105612_edit,frame_000300.jpg,000300
1,Left,14,0.43910059332847595,0.2918873131275177,0.05498678982257843,843,315,artificial_jewellery,video_20260405_105612_edit,frame_000300.jpg,000300
1,Left,15,0.42457345128059387,0.2879704535007477,0.059595655649900436,815,311,artificial_jewellery,video_20260405_105612_edit,frame_000300.jpg,000300
1,Left,16,0.41489678621292114,0.2991482615470886,0.05933062732219696,796,323,artificial_jewellery,video_20260405_105612_edit,frame_000300.jpg,000300
1,Left,17,0.45781901478767395,0.33711886405944824,0.04991728067398071,879,364,artificial_jewellery,video_20260405_105612_edit,frame_000300.jpg,000300
1,Left,18,0.44303691387176514,0.3138916790485382,0.062192901968955994,850,339,artificial_jewellery,video_20260405_105612_edit,frame_000300.jpg,000300
1,Left,19,0.4293380379676819,0.31032440066337585,0.0662887915968895,824,335,artificial_jewellery,video_20260405_105612_edit,frame_000300.jpg,000300
1,Left,20,0.4202685058116913,0.31878435611724854,0.0682239979505539,806,344,artificial_jewellery,video_20260405_105612_edit,frame_000300.jpg,000300
