hand_id,handedness,object_label,object_source,object_conf,x1,y1,x2,y2,fingertips_inside,min_tip_dist_px,domain,video_stem,frame_id
0,Left,person,yolo,0.6350070834159851,253.97552490234375,617.678955078125,1581.7093505859375,1068.8984375,5,0.0,artificial_jewellery,video_20260404_121903,0
0,Left,person,yolo,0.3914051055908203,247.60931396484375,5.6480712890625,1684.419921875,1070.4493408203125,5,0.0,artificial_jewellery,video_20260404_121903,0
0,Left,handbag,yolo,0.3156662881374359,638.77294921875,5.01654052734375,1448.4111328125,729.4927368164062,3,0.0,artificial_jewellery,video_20260404_121903,0
0,Left,person,yolo,0.7134391069412231,247.63311767578125,604.648681640625,1560.6318359375,1068.0498046875,5,0.0,artificial_jewellery,video_20260404_121903,30
0,Left,person,yolo,0.3238432109355926,234.1262969970703,10.66424560546875,1635.2742919921875,1069.8297119140625,5,0.0,artificial_jewellery,video_20260404_121903,30
0,Left,small_object_proposal,heuristic,1.0,1311.0,660.0,1334.0,804.0,2,0.0,artificial_jewellery,video_20260404_121903,30
0,Left,person,yolo,0.7156888842582703,248.4260101318359,575.288818359375,1571.2449951171875,1068.731689453125,5,0.0,artificial_jewellery,video_20260404_121903,60
0,Left,person,yolo,0.3660113513469696,236.02294921875,9.42132568359375,1589.43603515625,1069.8328857421875,5,0.0,artificial_jewellery,video_20260404_121903,60
1,Right,person,yolo,0.7156888842582703,248.4260101318359,575.288818359375,1571.2449951171875,1068.731689453125,5,0.0,artificial_jewellery,video_20260404_121903,60
1,Right,person,yolo,0.3660113513469696,236.02294921875,9.42132568359375,1589.43603515625,1069.8328857421875,5,0.0,artificial_jewellery,video_20260404_121903,60
1,Right,small_object_proposal,heuristic,1.0,450.0,779.0,489.0,832.0,0,20.0,artificial_jewellery,video_20260404_121903,60
0,Left,person,yolo,0.6544883251190186,250.3905487060547,590.3840942382812,1582.0975341796875,1068.7923583984375,5,0.0,artificial_jewellery,video_20260404_121903,90
0,Left,person,yolo,0.3659000694751739,241.28114318847656,14.411041259765623,1621.217041015625,1067.9566650390625,5,0.0,artificial_jewellery,video_20260404_121903,90
0,Left,bed,yolo,0.3051187992095947,0.0,2.97802734375,1855.8233642578125,1076.7498779296875,5,0.0,artificial_jewellery,video_20260404_121903,120
0,Left,person,yolo,0.2627727091312408,20.92034912109375,521.1829223632812,1618.25537109375,1067.56494140625,5,0.0,artificial_jewellery,video_20260404_121903,120
0,Left,person,yolo,0.4052083492279053,199.3109893798828,459.6685485839844,1379.6861572265625,1067.49365234375,5,0.0,artificial_jewellery,video_20260404_121903,180
0,Left,person,yolo,0.6467491388320923,26.88116455078125,165.939697265625,1765.3997802734375,1067.4735107421875,5,0.0,artificial_jewellery,video_20260404_121903,300
0,Left,small_object_proposal,heuristic,1.0,1128.0,586.0,1193.0,662.0,1,0.0,artificial_jewellery,video_20260404_121903,300
0,Left,small_object_proposal,heuristic,1.0,1146.0,650.0,1235.0,701.0,0,4.0,artificial_jewellery,video_20260404_121903,300
0,Left,person,yolo,0.6100962162017822,1129.432373046875,132.97219848632812,1898.7366943359375,1062.700927734375,5,0.0,artificial_jewellery,video_20260404_121903,420
0,Left,person,yolo,0.4490308761596679,14.0694580078125,99.89163208007812,1906.188720703125,1058.90771484375,5,0.0,artificial_jewellery,video_20260404_121903,420
0,Left,person,yolo,0.3681968748569488,79.2132568359375,5.86248779296875,1905.9580078125,1055.3433837890625,5,0.0,artificial_jewellery,video_20260404_121903,450
0,Left,person,yolo,0.2841524183750152,1560.8702392578125,60.41070556640625,1919.31494140625,1059.052001953125,5,0.0,artificial_jewellery,video_20260404_121903,450
0,Left,small_object_proposal,heuristic,1.0,1617.0,175.0,1673.0,259.0,0,13.0,artificial_jewellery,video_20260404_121903,450
0,Left,person,yolo,0.5656171441078186,110.133544921875,46.620941162109375,1698.5797119140625,1067.728759765625,5,0.0,artificial_jewellery,video_20260404_121903,510
0,Left,person,yolo,0.7172434329986572,8.230224609375,81.84356689453125,1831.950439453125,1065.457275390625,5,0.0,artificial_jewellery,video_20260404_121903,540
0,Left,person,yolo,0.3463621735572815,26.06048583984375,0.0,1689.6591796875,1065.279052734375,5,0.0,artificial_jewellery,video_20260404_121903,570
0,Left,small_object_proposal,heuristic,1.0,905.0,597.0,986.0,658.0,2,0.0,artificial_jewellery,video_20260404_121903,570
0,Left,person,yolo,0.3403927683830261,68.49609375,199.22021484375,1917.52734375,1064.7269287109375,5,0.0,artificial_jewellery,video_20260404_121903,660
0,Left,person,yolo,0.3243623971939087,1282.7728271484375,220.55035400390625,1918.974609375,1061.9075927734375,5,0.0,artificial_jewellery,video_20260404_121903,660
0,Left,small_object_proposal,heuristic,1.0,1383.0,319.0,1444.0,349.0,0,22.0,artificial_jewellery,video_20260404_121903,660
0,Left,person,yolo,0.684036374092102,52.02978515625,80.19424438476562,1909.7867431640625,1054.7490234375,5,0.0,artificial_jewellery,video_20260404_121903,690
0,Left,small_object_proposal,heuristic,1.0,1217.0,278.0,1260.0,351.0,0,15.0,artificial_jewellery,video_20260404_121903,690
0,Left,small_object_proposal,heuristic,1.0,1299.0,281.0,1346.0,318.0,0,16.0,artificial_jewellery,video_20260404_121903,690
0,Left,person,yolo,0.4966598153114319,286.5435791015625,73.07913208007812,1676.860595703125,1064.375244140625,5,0.0,artificial_jewellery,video_20260404_121903,720
0,Left,small_object_proposal,heuristic,1.0,1030.0,775.0,1074.0,834.0,0,18.973665961010276,artificial_jewellery,video_20260404_121903,720
0,Left,person,yolo,0.3192428946495056,234.2669677734375,94.48086547851562,1724.4854736328125,1065.354248046875,5,0.0,artificial_jewellery,video_20260404_121903,750
0,Left,person,yolo,0.3521559238433838,235.04132080078125,92.1558837890625,1557.9217529296875,1069.61767578125,5,0.0,artificial_jewellery,video_20260404_121903,780
0,Left,person,yolo,0.3414416015148163,217.2579345703125,471.4563903808594,1806.5941162109375,1069.197509765625,5,0.0,artificial_jewellery,video_20260404_121903,810
0,Left,person,yolo,0.349246621131897,92.89617919921876,100.04562377929688,1647.4718017578125,1065.5888671875,5,0.0,artificial_jewellery,video_20260404_121903,1020
0,Left,person,yolo,0.3508507907390594,55.367431640625,20.585723876953125,1801.4688720703125,1066.4808349609375,5,0.0,artificial_jewellery,video_20260404_121903,1080
0,Left,person,yolo,0.4075662195682525,1419.9246826171875,483.0289611816406,1741.2161865234375,1069.455322265625,5,0.0,artificial_jewellery,video_20260404_121903,1110
0,Left,person,yolo,0.3403838872909546,187.70819091796875,77.96530151367188,1647.175048828125,1063.4197998046875,5,0.0,artificial_jewellery,video_20260404_121903,1110
0,Left,person,yolo,0.3020690679550171,1411.4134521484375,631.976318359375,1715.729736328125,1072.4501953125,5,0.0,artificial_jewellery,video_20260404_121903,1140
0,Left,scissors,yolo,0.3773609697818756,1202.1966552734375,304.97637939453125,1641.823974609375,683.1985473632812,5,0.0,artificial_jewellery,video_20260404_121903,1200
0,Left,knife,yolo,0.302899569272995,1200.42333984375,303.9537048339844,1655.585205078125,684.5264892578125,5,0.0,artificial_jewellery,video_20260404_121903,1200
0,Left,person,yolo,0.5684902667999268,585.1744995117188,348.61834716796875,1799.8953857421875,1070.445556640625,5,0.0,artificial_jewellery,video_20260404_121903,1260
0,Left,scissors,yolo,0.4289306104183197,1199.334228515625,286.0478210449219,1668.1766357421875,647.704345703125,5,0.0,artificial_jewellery,video_20260404_121903,1260
0,Left,cell phone,yolo,0.2872011065483093,1208.2412109375,285.11199951171875,1665.954345703125,650.9105834960938,5,0.0,artificial_jewellery,video_20260404_121903,1260
0,Left,cell phone,yolo,0.456492930650711,1244.3204345703125,530.5980834960938,1649.3123779296875,914.0020751953124,5,0.0,artificial_jewellery,video_20260404_121903,1380
0,Left,scissors,yolo,0.2982683181762695,1165.688232421875,349.9514465332031,1590.08837890625,669.991943359375,5,0.0,artificial_jewellery,video_20260404_121903,1440
0,Left,small_object_proposal,heuristic,1.0,1323.0,494.0,1371.0,537.0,2,0.0,artificial_jewellery,video_20260404_121903,1440
0,Left,scissors,yolo,0.4468094408512115,1176.9237060546875,321.4064025878906,1618.9112548828125,664.6639404296875,5,0.0,artificial_jewellery,video_20260404_121903,1470
0,Left,knife,yolo,0.3956260681152344,1182.0245361328125,322.2540588378906,1617.816650390625,664.3049926757812,5,0.0,artificial_jewellery,video_20260404_121903,1470
0,Left,person,yolo,0.2690015733242035,33.84539794921875,5.449493408203125,1826.908935546875,1080.0,5,0.0,artificial_jewellery,video_20260404_121903,1470
0,Left,scissors,yolo,0.7295733690261841,1215.47900390625,260.56805419921875,1628.2701416015625,665.7341918945312,5,0.0,artificial_jewellery,video_20260404_121903,1500
0,Left,person,yolo,0.296081006526947,151.55841064453125,209.93783569335935,1698.609375,1065.684814453125,5,0.0,artificial_jewellery,video_20260404_121903,1500
0,Left,small_object_proposal,heuristic,1.0,1387.0,448.0,1433.0,492.0,2,0.0,artificial_jewellery,video_20260404_121903,1500
0,Left,scissors,yolo,0.8343794345855713,1206.5093994140625,275.1423645019531,1629.0919189453125,650.1762084960938,5,0.0,artificial_jewellery,video_20260404_121903,1530
0,Left,person,yolo,0.2985864281654358,29.7161865234375,0.0,1670.81982421875,1073.42724609375,5,0.0,artificial_jewellery,video_20260404_121903,1530
0,Left,scissors,yolo,0.4033274054527282,1220.217529296875,275.9227600097656,1641.3687744140625,634.4013061523438,5,0.0,artificial_jewellery,video_20260404_121903,1560
0,Left,person,yolo,0.2992159128189087,566.1004028320312,356.6355285644531,1709.2877197265625,1065.8258056640625,5,0.0,artificial_jewellery,video_20260404_121903,1560
0,Left,scissors,yolo,0.5960448980331421,1192.6484375,257.38531494140625,1631.1884765625,639.160400390625,5,0.0,artificial_jewellery,video_20260404_121903,1590
0,Left,person,yolo,0.4296039044857025,547.2907104492188,370.3289794921875,1738.8538818359375,1067.7279052734375,5,0.0,artificial_jewellery,video_20260404_121903,1590
0,Left,person,yolo,0.3959679007530212,158.36663818359375,3.523406982421875,1675.58544921875,1054.90234375,5,0.0,artificial_jewellery,video_20260404_121903,1620
0,Left,person,yolo,0.3158054649829864,530.1390380859375,391.8674926757813,1749.5364990234375,1068.0997314453125,5,0.0,artificial_jewellery,video_20260404_121903,1620
0,Left,scissors,yolo,0.3026491999626159,1188.9493408203125,286.00640869140625,1639.224609375,652.052001953125,5,0.0,artificial_jewellery,video_20260404_121903,1620
0,Left,knife,yolo,0.2753986716270447,1192.2261962890625,286.5953674316406,1632.3883056640625,651.5883178710938,5,0.0,artificial_jewellery,video_20260404_121903,1620
0,Left,person,yolo,0.3984120786190033,491.4817199707031,340.27569580078125,1534.04541015625,1061.292236328125,5,0.0,artificial_jewellery,video_20260404_121903,1650
0,Left,small_object_proposal,heuristic,1.0,1383.0,370.0,1410.0,451.0,1,0.0,artificial_jewellery,video_20260404_121903,1650
0,Left,person,yolo,0.5829671621322632,286.2232360839844,463.5832214355469,1454.009765625,1066.4827880859375,5,0.0,artificial_jewellery,video_20260404_121903,1680
0,Right,person,yolo,0.6318614482879639,58.01129150390625,316.5180969238281,1807.34033203125,1065.283447265625,5,0.0,artificial_jewellery,video_20260404_121903,1800
0,Right,person,yolo,0.4721600115299225,1.297943115234375,722.02978515625,294.6912536621094,1075.436279296875,5,0.0,artificial_jewellery,video_20260404_121903,1800
0,Left,person,yolo,0.6755008101463318,1459.873291015625,136.71441650390625,1875.7889404296875,1069.9229736328125,5,0.0,artificial_jewellery,video_20260404_121903,1890
0,Left,person,yolo,0.6554499268531799,96.02215576171876,60.7218017578125,1889.9937744140625,1071.582763671875,5,0.0,artificial_jewellery,video_20260404_121903,1920
1,Right,person,yolo,0.6554499268531799,96.02215576171876,60.7218017578125,1889.9937744140625,1071.582763671875,5,0.0,artificial_jewellery,video_20260404_121903,1920
1,Right,small_object_proposal,heuristic,1.0,481.0,428.0,587.0,468.0,0,12.0,artificial_jewellery,video_20260404_121903,1920
1,Right,small_object_proposal,heuristic,1.0,411.0,372.0,471.0,439.0,1,0.0,artificial_jewellery,video_20260404_121903,1920
1,Right,small_object_proposal,heuristic,1.0,280.0,427.0,351.0,456.0,0,9.0,artificial_jewellery,video_20260404_121903,1920
0,Right,person,yolo,0.4840383231639862,23.7447509765625,440.4235229492187,1813.5732421875,1059.13623046875,5,0.0,artificial_jewellery,video_20260404_121903,1950
0,Right,small_object_proposal,heuristic,1.0,358.0,440.0,420.0,504.0,1,0.0,artificial_jewellery,video_20260404_121903,1950
1,Left,person,yolo,0.4470269978046417,1343.2884521484375,275.26226806640625,1920.0,1067.6298828125,5,0.0,artificial_jewellery,video_20260404_121903,1950
0,Left,person,yolo,0.786251962184906,76.5794677734375,276.99005126953125,1656.7069091796875,1063.6580810546875,5,0.0,artificial_jewellery,video_20260404_121903,1980
0,Left,small_object_proposal,heuristic,1.0,1236.0,304.0,1271.0,376.0,0,5.0,artificial_jewellery,video_20260404_121903,1980
0,Left,small_object_proposal,heuristic,1.0,1325.0,430.0,1366.0,487.0,0,11.0,artificial_jewellery,video_20260404_121903,1980
1,Right,person,yolo,0.786251962184906,76.5794677734375,276.99005126953125,1656.7069091796875,1063.6580810546875,5,0.0,artificial_jewellery,video_20260404_121903,1980
1,Right,person,yolo,0.4019427895545959,179.904052734375,620.3607788085938,457.3006896972656,1053.5831298828125,4,0.0,artificial_jewellery,video_20260404_121903,1980
0,Left,person,yolo,0.6485356688499451,16.4058837890625,0.0,1679.3192138671875,1069.7235107421875,5,0.0,artificial_jewellery,video_20260404_121903,2010
0,Left,small_object_proposal,heuristic,1.0,1296.0,435.0,1344.0,513.0,1,0.0,artificial_jewellery,video_20260404_121903,2010
0,Left,small_object_proposal,heuristic,1.0,1180.0,328.0,1216.0,399.0,0,11.0,artificial_jewellery,video_20260404_121903,2010
0,Right,person,yolo,0.7319867610931396,162.046142578125,53.57904052734375,1714.581298828125,1070.2078857421875,5,0.0,artificial_jewellery,video_20260404_121903,2040
0,Right,person,yolo,0.260879248380661,239.7923126220703,564.2568969726562,509.1287841796875,1053.1483154296875,5,0.0,artificial_jewellery,video_20260404_121903,2040
1,Left,person,yolo,0.7319867610931396,162.046142578125,53.57904052734375,1714.581298828125,1070.2078857421875,5,0.0,artificial_jewellery,video_20260404_121903,2040
1,Left,small_object_proposal,heuristic,1.0,1184.0,433.0,1229.0,518.0,1,0.0,artificial_jewellery,video_20260404_121903,2040
1,Left,small_object_proposal,heuristic,1.0,1138.0,351.0,1170.0,407.0,0,12.0,artificial_jewellery,video_20260404_121903,2040
0,Right,person,yolo,0.6100743412971497,198.78465270996097,57.974761962890625,1701.5091552734375,1071.0733642578125,5,0.0,artificial_jewellery,video_20260404_121903,2070
0,Right,small_object_proposal,heuristic,1.0,472.0,599.0,503.0,717.0,2,0.0,artificial_jewellery,video_20260404_121903,2070
1,Left,person,yolo,0.6100743412971497,198.78465270996097,57.974761962890625,1701.5091552734375,1071.0733642578125,5,0.0,artificial_jewellery,video_20260404_121903,2070
1,Left,small_object_proposal,heuristic,1.0,1186.0,361.0,1239.0,406.0,0,12.0,artificial_jewellery,video_20260404_121903,2070
0,Left,person,yolo,0.5263904929161072,253.48402404785156,464.4531555175781,1702.6876220703125,1067.8385009765625,5,0.0,artificial_jewellery,video_20260404_121903,2160
0,Left,suitcase,yolo,0.2881429493427276,706.7175903320312,27.771400451660156,1417.71826171875,725.1754760742188,5,0.0,artificial_jewellery,video_20260404_121903,2160
1,Right,person,yolo,0.5263904929161072,253.48402404785156,464.4531555175781,1702.6876220703125,1067.8385009765625,5,0.0,artificial_jewellery,video_20260404_121903,2160
1,Right,person,yolo,0.3930995762348175,289.3307189941406,620.045654296875,569.6754150390625,1068.337646484375,5,0.0,artificial_jewellery,video_20260404_121903,2160
1,Right,small_object_proposal,heuristic,1.0,527.0,688.0,637.0,722.0,0,12.0,artificial_jewellery,video_20260404_121903,2160
0,Left,person,yolo,0.3942387104034424,170.00994873046875,42.518463134765625,1762.9893798828125,1073.502197265625,5,0.0,artificial_jewellery,video_20260404_121903,2190
1,Right,person,yolo,0.3942387104034424,170.00994873046875,42.518463134765625,1762.9893798828125,1073.502197265625,5,0.0,artificial_jewellery,video_20260404_121903,2190
0,Left,person,yolo,0.4622982144355774,108.04815673828124,154.02593994140625,1877.8125,1064.284423828125,5,0.0,artificial_jewellery,video_20260404_121903,2280
0,Left,person,yolo,0.3906489908695221,1261.88134765625,153.04092407226562,1852.181884765625,1069.4600830078125,5,0.0,artificial_jewellery,video_20260404_121903,2280
0,Left,small_object_proposal,heuristic,1.0,1397.0,219.0,1442.0,246.0,1,0.0,artificial_jewellery,video_20260404_121903,2280
0,Left,person,yolo,0.7933804988861084,378.9784240722656,155.0452880859375,1506.302001953125,1068.5244140625,5,0.0,artificial_jewellery,video_20260404_121903,2370
0,Left,person,yolo,0.4113885760307312,1184.994140625,796.596923828125,1470.292236328125,1078.8558349609375,5,0.0,artificial_jewellery,video_20260404_121903,2430
0,Left,person,yolo,0.4098667204380035,612.9867553710938,81.71173095703125,1880.1038818359375,1068.385009765625,5,0.0,artificial_jewellery,video_20260404_121903,2430
0,Left,person,yolo,0.2919892370700836,306.787109375,77.10122680664062,1397.3782958984375,1070.4639892578125,5,0.0,artificial_jewellery,video_20260404_121903,2430
1,Right,person,yolo,0.4098667204380035,612.9867553710938,81.71173095703125,1880.1038818359375,1068.385009765625,5,0.0,artificial_jewellery,video_20260404_121903,2430
1,Right,person,yolo,0.2919892370700836,306.787109375,77.10122680664062,1397.3782958984375,1070.4639892578125,5,0.0,artificial_jewellery,video_20260404_121903,2430
1,Right,small_object_proposal,heuristic,1.0,733.0,113.0,789.0,167.0,2,0.0,artificial_jewellery,video_20260404_121903,2430
0,Left,person,yolo,0.3574972748756408,78.60260009765625,94.776123046875,1594.65234375,1069.642578125,5,0.0,artificial_jewellery,video_20260404_121903,2460
0,Left,person,yolo,0.4898001253604889,302.59259033203125,262.20611572265625,1722.8177490234375,1067.6165771484375,5,0.0,artificial_jewellery,video_20260404_121903,2490
1,Right,person,yolo,0.4898001253604889,302.59259033203125,262.20611572265625,1722.8177490234375,1067.6165771484375,5,0.0,artificial_jewellery,video_20260404_121903,2490
0,Left,person,yolo,0.7704609632492065,357.031494140625,29.0408935546875,1797.4833984375,1067.14453125,5,0.0,artificial_jewellery,video_20260404_121903,2520
0,Left,small_object_proposal,heuristic,1.0,1099.0,104.0,1263.0,130.0,2,0.0,artificial_jewellery,video_20260404_121903,2520
0,Left,small_object_proposal,heuristic,1.0,1242.0,44.0,1304.0,106.0,0,2.0,artificial_jewellery,video_20260404_121903,2520
1,Right,person,yolo,0.7704609632492065,357.031494140625,29.0408935546875,1797.4833984375,1067.14453125,5,0.0,artificial_jewellery,video_20260404_121903,2520
1,Right,small_object_proposal,heuristic,1.0,883.0,801.0,916.0,886.0,0,20.0,artificial_jewellery,video_20260404_121903,2520
0,Left,person,yolo,0.7648876309394836,333.92742919921875,0.0,1896.6163330078125,1068.170654296875,5,0.0,artificial_jewellery,video_20260404_121903,2550
0,Left,small_object_proposal,heuristic,1.0,1229.0,18.0,1305.0,74.0,1,0.0,artificial_jewellery,video_20260404_121903,2550
0,Left,small_object_proposal,heuristic,1.0,1140.0,68.0,1257.0,96.0,0,4.0,artificial_jewellery,video_20260404_121903,2550
0,Left,small_object_proposal,heuristic,1.0,1086.0,61.0,1134.0,107.0,1,0.0,artificial_jewellery,video_20260404_121903,2550
1,Right,person,yolo,0.7648876309394836,333.92742919921875,0.0,1896.6163330078125,1068.170654296875,5,0.0,artificial_jewellery,video_20260404_121903,2550
1,Right,small_object_proposal,heuristic,1.0,939.0,731.0,989.0,816.0,3,0.0,artificial_jewellery,video_20260404_121903,2550
0,Left,person,yolo,0.5559831261634827,241.0783538818359,272.2064208984375,1595.6090087890625,1072.125732421875,5,0.0,artificial_jewellery,video_20260404_121903,2580
0,Left,small_object_proposal,heuristic,1.0,1190.0,574.0,1273.0,593.0,0,5.0,artificial_jewellery,video_20260404_121903,2580
1,Right,person,yolo,0.5559831261634827,241.0783538818359,272.2064208984375,1595.6090087890625,1072.125732421875,5,0.0,artificial_jewellery,video_20260404_121903,2580
0,Right,person,yolo,0.7591156959533691,231.14208984375,52.74005126953125,1786.09130859375,1072.7359619140625,5,0.0,artificial_jewellery,video_20260404_121903,2610
1,Left,person,yolo,0.7591156959533691,231.14208984375,52.74005126953125,1786.09130859375,1072.7359619140625,5,0.0,artificial_jewellery,video_20260404_121903,2610
1,Left,small_object_proposal,heuristic,1.0,1135.0,129.0,1243.0,166.0,2,0.0,artificial_jewellery,video_20260404_121903,2610
0,Left,person,yolo,0.4849245548248291,643.10888671875,440.1036987304687,1725.5262451171875,1069.3221435546875,5,0.0,artificial_jewellery,video_20260404_121903,2640
1,Right,person,yolo,0.4849245548248291,643.10888671875,440.1036987304687,1725.5262451171875,1069.3221435546875,5,0.0,artificial_jewellery,video_20260404_121903,2640
0,Left,person,yolo,0.5194327235221863,602.3525390625,471.652587890625,1870.3472900390625,1072.4898681640625,5,0.0,artificial_jewellery,video_20260404_121903,2670
0,Left,person,yolo,0.368196040391922,214.84112548828125,175.58413696289062,1835.30419921875,1067.5411376953125,5,0.0,artificial_jewellery,video_20260404_121903,2670
1,Right,person,yolo,0.5194327235221863,602.3525390625,471.652587890625,1870.3472900390625,1072.4898681640625,5,0.0,artificial_jewellery,video_20260404_121903,2670
1,Right,person,yolo,0.368196040391922,214.84112548828125,175.58413696289062,1835.30419921875,1067.5411376953125,5,0.0,artificial_jewellery,video_20260404_121903,2670
0,Left,person,yolo,0.2620709836483001,630.9384155273438,510.4124450683594,1893.31103515625,1068.02734375,5,0.0,artificial_jewellery,video_20260404_121903,2700
0,Left,small_object_proposal,heuristic,1.0,989.0,770.0,1028.0,818.0,0,1.0,artificial_jewellery,video_20260404_121903,2700
1,Right,person,yolo,0.2620709836483001,630.9384155273438,510.4124450683594,1893.31103515625,1068.02734375,5,0.0,artificial_jewellery,video_20260404_121903,2700
0,Left,person,yolo,0.6181250214576721,1031.875244140625,49.6087646484375,1791.8720703125,1068.055419921875,5,0.0,artificial_jewellery,video_20260404_121903,2730
0,Left,person,yolo,0.2787704765796661,141.72216796875,32.876312255859375,1883.8912353515625,1067.124267578125,5,0.0,artificial_jewellery,video_20260404_121903,2730
1,Right,person,yolo,0.4681402146816253,18.169647216796875,345.9386901855469,999.4705810546876,1063.36083984375,5,0.0,artificial_jewellery,video_20260404_121903,2730
1,Right,person,yolo,0.2787704765796661,141.72216796875,32.876312255859375,1883.8912353515625,1067.124267578125,5,0.0,artificial_jewellery,video_20260404_121903,2730
1,Right,small_object_proposal,heuristic,1.0,881.0,853.0,904.0,912.0,1,0.0,artificial_jewellery,video_20260404_121903,2730
1,Right,small_object_proposal,heuristic,1.0,897.0,702.0,953.0,723.0,0,9.0,artificial_jewellery,video_20260404_121903,2730
0,Left,person,yolo,0.6346632242202759,659.9849853515625,53.2430419921875,1739.164306640625,1066.64208984375,5,0.0,artificial_jewellery,video_20260404_121903,2760
0,Left,small_object_proposal,heuristic,1.0,1126.0,191.0,1174.0,232.0,0,21.0,artificial_jewellery,video_20260404_121903,2760
0,Left,person,yolo,0.3465161025524139,37.97772216796875,226.00515747070312,1644.0894775390625,1069.20703125,5,0.0,artificial_jewellery,video_20260404_121903,2790
0,Left,person,yolo,0.3395701646804809,589.7422485351562,416.7669982910156,1897.7493896484375,1067.4437255859375,5,0.0,artificial_jewellery,video_20260404_121903,2790
0,Left,small_object_proposal,heuristic,1.0,1084.0,482.0,1144.0,512.0,0,23.021728866442675,artificial_jewellery,video_20260404_121903,2790
1,Right,person,yolo,0.3465161025524139,37.97772216796875,226.00515747070312,1644.0894775390625,1069.20703125,5,0.0,artificial_jewellery,video_20260404_121903,2790
1,Right,person,yolo,0.3395701646804809,589.7422485351562,416.7669982910156,1897.7493896484375,1067.4437255859375,5,0.0,artificial_jewellery,video_20260404_121903,2790
0,Left,person,yolo,0.7759853005409241,602.5969848632812,1.45147705078125,1732.9351806640625,1068.1011962890625,5,0.0,artificial_jewellery,video_20260404_121903,2820
1,Right,person,yolo,0.7759853005409241,602.5969848632812,1.45147705078125,1732.9351806640625,1068.1011962890625,5,0.0,artificial_jewellery,video_20260404_121903,2820
1,Right,person,yolo,0.3194875121116638,5.2880859375,261.3091735839844,992.2218017578124,1058.7470703125,5,0.0,artificial_jewellery,video_20260404_121903,2820
0,Left,person,yolo,0.4621513485908508,592.8988037109375,363.9774169921875,1737.2391357421875,1067.129150390625,4,0.0,artificial_jewellery,video_20260404_121903,2850
1,Left,person,yolo,0.4621513485908508,592.8988037109375,363.9774169921875,1737.2391357421875,1067.129150390625,5,0.0,artificial_jewellery,video_20260404_121903,2850
1,Left,small_object_proposal,heuristic,1.0,1054.0,649.0,1111.0,684.0,0,5.0,artificial_jewellery,video_20260404_121903,2850
0,Left,person,yolo,0.6822121143341064,586.745361328125,481.32037353515625,1634.205078125,1068.1365966796875,5,0.0,artificial_jewellery,video_20260404_121903,2880
0,Left,small_object_proposal,heuristic,1.0,1141.0,553.0,1212.0,603.0,0,14.317821063276353,artificial_jewellery,video_20260404_121903,2880
0,Left,small_object_proposal,heuristic,1.0,993.0,518.0,1052.0,571.0,0,4.0,artificial_jewellery,video_20260404_121903,2880
1,Right,person,yolo,0.6822121143341064,586.745361328125,481.32037353515625,1634.205078125,1068.1365966796875,5,0.0,artificial_jewellery,video_20260404_121903,2880
0,Left,person,yolo,0.6877184510231018,438.5584716796875,23.675262451171875,1815.607666015625,1070.1497802734375,5,0.0,artificial_jewellery,video_20260404_121903,2910
0,Left,person,yolo,0.4272045791149139,610.8733520507812,632.4356689453125,1461.1466064453125,1068.095947265625,5,0.0,artificial_jewellery,video_20260404_121903,3000
0,Left,small_object_proposal,heuristic,1.0,987.0,785.0,1066.0,818.0,0,1.0,artificial_jewellery,video_20260404_121903,3000
0,Left,small_object_proposal,heuristic,1.0,986.0,825.0,1022.0,868.0,0,6.0,artificial_jewellery,video_20260404_121903,3000
0,Left,person,yolo,0.7134426236152649,342.20556640625,43.029510498046875,1812.353515625,1068.5185546875,5,0.0,artificial_jewellery,video_20260404_121903,3030
0,Left,small_object_proposal,heuristic,1.0,1341.0,78.0,1445.0,121.0,0,5.0,artificial_jewellery,video_20260404_121903,3030
0,Left,person,yolo,0.4483339488506317,329.7777099609375,464.2499084472656,1900.007080078125,1068.2218017578125,5,0.0,artificial_jewellery,video_20260404_121903,3180
0,Left,person,yolo,0.4222891330718994,226.4439697265625,441.2698059082031,1471.23388671875,1069.982177734375,5,0.0,artificial_jewellery,video_20260404_121903,3210
0,Left,small_object_proposal,heuristic,1.0,1073.0,541.0,1116.0,573.0,1,0.0,artificial_jewellery,video_20260404_121903,3210
0,Left,person,yolo,0.4932852685451507,207.9451904296875,253.80935668945312,1851.3262939453125,1066.99658203125,5,0.0,artificial_jewellery,video_20260404_121903,3450
0,Left,person,yolo,0.343809425830841,191.9373779296875,107.39932250976562,1791.0714111328125,1066.2784423828125,5,0.0,artificial_jewellery,video_20260404_121903,3480
0,Left,person,yolo,0.6765958070755005,263.78741455078125,180.0545654296875,1877.3499755859375,1074.20556640625,5,0.0,artificial_jewellery,video_20260404_121903,3510
0,Left,person,yolo,0.499624639749527,392.4494018554687,237.613037109375,1777.62451171875,1059.54931640625,5,0.0,artificial_jewellery,video_20260404_121903,3630
0,Left,small_object_proposal,heuristic,1.0,1484.0,627.0,1555.0,692.0,0,3.0,artificial_jewellery,video_20260404_121903,3630
0,Left,person,yolo,0.5195603370666504,426.7503967285156,257.71783447265625,1685.5235595703125,1057.3348388671875,5,0.0,artificial_jewellery,video_20260404_121903,3660
0,Left,small_object_proposal,heuristic,1.0,1423.0,481.0,1472.0,532.0,0,25.0,artificial_jewellery,video_20260404_121903,3660
0,Left,person,yolo,0.4848997294902801,258.85198974609375,215.64093017578125,1831.9658203125,1058.6009521484375,5,0.0,artificial_jewellery,video_20260404_121903,3690
0,Left,small_object_proposal,heuristic,1.0,1427.0,473.0,1527.0,514.0,0,5.0,artificial_jewellery,video_20260404_121903,3690
0,Left,small_object_proposal,heuristic,1.0,1370.0,440.0,1420.0,510.0,0,14.317821063276353,artificial_jewellery,video_20260404_121903,3690
0,Left,person,yolo,0.3620798587799072,413.2015075683594,196.5567626953125,1870.7996826171875,1069.468505859375,5,0.0,artificial_jewellery,video_20260404_121903,3720
0,Left,small_object_proposal,heuristic,1.0,1371.0,579.0,1415.0,624.0,0,8.94427190999916,artificial_jewellery,video_20260404_121903,3720
0,Left,person,yolo,0.3071394264698028,540.0567626953125,282.419677734375,1810.414306640625,1069.634033203125,5,0.0,artificial_jewellery,video_20260404_121903,3780
0,Left,small_object_proposal,heuristic,1.0,1432.0,582.0,1500.0,650.0,0,6.0,artificial_jewellery,video_20260404_121903,3780
0,Left,small_object_proposal,heuristic,1.0,1463.0,543.0,1510.0,576.0,0,3.0,artificial_jewellery,video_20260404_121903,3780
0,Left,person,yolo,0.3595691621303558,1035.2945556640625,31.427398681640625,1870.0751953125,1072.4036865234375,5,0.0,artificial_jewellery,video_20260404_121903,3810
0,Left,small_object_proposal,heuristic,1.0,1310.0,551.0,1356.0,583.0,1,0.0,artificial_jewellery,video_20260404_121903,3810
0,Left,person,yolo,0.3100962936878204,587.0712890625,25.3817138671875,1618.155029296875,1051.059814453125,5,0.0,artificial_jewellery,video_20260404_121903,3900
0,Left,person,yolo,0.3279061913490295,478.817626953125,197.820556640625,1720.5045166015625,1065.213623046875,5,0.0,artificial_jewellery,video_20260404_121903,3930
0,Left,person,yolo,0.5108517408370972,346.1517639160156,337.01641845703125,1746.0135498046875,1074.6300048828125,5,0.0,artificial_jewellery,video_20260404_121903,3990
0,Left,small_object_proposal,heuristic,1.0,1314.0,468.0,1361.0,515.0,0,8.0,artificial_jewellery,video_20260404_121903,3990
0,Left,person,yolo,0.431290328502655,348.6187438964844,164.44363403320312,1612.0064697265625,1065.349609375,5,0.0,artificial_jewellery,video_20260404_121903,4020
0,Left,small_object_proposal,heuristic,1.0,1270.0,580.0,1297.0,664.0,2,0.0,artificial_jewellery,video_20260404_121903,4020
0,Left,small_object_proposal,heuristic,1.0,1278.0,564.0,1328.0,604.0,0,4.0,artificial_jewellery,video_20260404_121903,4020
0,Left,small_object_proposal,heuristic,1.0,1302.0,535.0,1334.0,628.0,0,7.0,artificial_jewellery,video_20260404_121903,4080
0,Left,person,yolo,0.2672078907489776,1177.0367431640625,446.9813537597656,1689.8057861328125,1070.4913330078125,5,0.0,artificial_jewellery,video_20260404_121903,4110
0,Left,small_object_proposal,heuristic,1.0,1275.0,523.0,1307.0,618.0,0,12.0,artificial_jewellery,video_20260404_121903,4110
0,Left,small_object_proposal,heuristic,1.0,1282.0,452.0,1315.0,497.0,1,0.0,artificial_jewellery,video_20260404_121903,4110
0,Left,person,yolo,0.4486521482467651,229.10577392578125,172.9046630859375,1468.9808349609375,1072.096923828125,5,0.0,artificial_jewellery,video_20260404_121903,4140
0,Left,person,yolo,0.4023011326789856,239.0778350830078,247.7476501464844,1510.4227294921875,1066.5029296875,5,0.0,artificial_jewellery,video_20260404_121903,4170
0,Left,person,yolo,0.6274456977844238,447.6163330078125,424.3819885253906,1680.56005859375,1065.92529296875,5,0.0,artificial_jewellery,video_20260404_121903,4200
0,Left,person,yolo,0.3415676653385162,1208.4635009765625,422.9718017578125,1916.6484375,1066.6248779296875,5,0.0,artificial_jewellery,video_20260404_121903,4200
0,Left,person,yolo,0.401352971792221,225.7943115234375,462.7481689453125,1474.337890625,1066.1890869140625,2,0.0,artificial_jewellery,video_20260404_121903,4260
0,Left,person,yolo,0.3151099681854248,209.7450256347656,42.736358642578125,1498.6995849609375,1067.1094970703125,5,0.0,artificial_jewellery,video_20260404_121903,4290
0,Left,small_object_proposal,heuristic,1.0,1193.0,448.0,1236.0,494.0,1,0.0,artificial_jewellery,video_20260404_121903,4290
0,Left,person,yolo,0.4668706059455871,356.7542724609375,398.5938720703125,1485.2149658203125,1064.4248046875,5,0.0,artificial_jewellery,video_20260404_121903,4320
0,Left,small_object_proposal,heuristic,1.0,1325.0,435.0,1393.0,505.0,0,2.0,artificial_jewellery,video_20260404_121903,4320
0,Left,small_object_proposal,heuristic,1.0,1180.0,453.0,1253.0,487.0,1,0.0,artificial_jewellery,video_20260404_121903,4320
0,Left,person,yolo,0.3549023270606994,279.78790283203125,172.77447509765625,1528.843505859375,1066.6512451171875,5,0.0,artificial_jewellery,video_20260404_121903,4350
0,Left,small_object_proposal,heuristic,1.0,1317.0,405.0,1386.0,463.0,1,0.0,artificial_jewellery,video_20260404_121903,4350
0,Left,person,yolo,0.4393869042396545,359.996337890625,294.5063781738281,1496.6954345703125,1064.083251953125,5,0.0,artificial_jewellery,video_20260404_121903,4380
0,Left,person,yolo,0.3596448898315429,1187.8792724609375,347.3736877441406,1917.6505126953125,1068.776611328125,5,0.0,artificial_jewellery,video_20260404_121903,4380
0,Left,small_object_proposal,heuristic,1.0,1343.0,458.0,1382.0,518.0,0,22.0,artificial_jewellery,video_20260404_121903,4380
0,Left,person,yolo,0.5360848307609558,175.6248779296875,287.94268798828125,1714.2059326171875,1065.8182373046875,5,0.0,artificial_jewellery,video_20260404_121903,4470
0,Left,small_object_proposal,heuristic,1.0,1441.0,416.0,1543.0,460.0,0,18.0,artificial_jewellery,video_20260404_121903,4470
0,Left,small_object_proposal,heuristic,1.0,1341.0,402.0,1363.0,466.0,1,0.0,artificial_jewellery,video_20260404_121903,4470
0,Left,person,yolo,0.3290676474571228,189.77833557128903,215.97637939453125,1506.4549560546875,1064.250732421875,5,0.0,artificial_jewellery,video_20260404_121903,4590
0,Left,person,yolo,0.3978023529052734,98.91925048828124,3.1988525390625,1908.197509765625,1071.2828369140625,5,0.0,artificial_jewellery,video_20260404_121903,4680
0,Left,small_object_proposal,heuristic,1.0,1619.0,174.0,1715.0,224.0,1,0.0,artificial_jewellery,video_20260404_121903,4680
0,Left,person,yolo,0.6240077018737793,273.2222900390625,118.74554443359376,1617.6895751953125,1066.50048828125,5,0.0,artificial_jewellery,video_20260404_121903,4710
0,Left,cell phone,yolo,0.2851309478282928,1103.9251708984375,360.4126281738281,1390.674560546875,636.656494140625,5,0.0,artificial_jewellery,video_20260404_121903,4710
0,Left,small_object_proposal,heuristic,1.0,1263.0,417.0,1332.0,468.0,0,8.602325267042627,artificial_jewellery,video_20260404_121903,4710
0,Left,person,yolo,0.6718952655792236,198.30857849121097,319.5484313964844,1565.7694091796875,1067.2108154296875,5,0.0,artificial_jewellery,video_20260404_121903,4740
0,Left,person,yolo,0.6327701807022095,224.142333984375,31.99639892578125,1823.0093994140625,1066.439208984375,5,0.0,artificial_jewellery,video_20260404_121903,4770
0,Left,person,yolo,0.5797281861305237,210.2083740234375,57.9305419921875,1846.51025390625,1066.002685546875,5,0.0,artificial_jewellery,video_20260404_121903,4800
0,Left,cell phone,yolo,0.4368971586227417,1047.690673828125,303.8291320800781,1286.4962158203125,614.47998046875,5,0.0,artificial_jewellery,video_20260404_121903,4800
0,Left,small_object_proposal,heuristic,1.0,1230.0,503.0,1290.0,578.0,1,0.0,artificial_jewellery,video_20260404_121903,4800
0,Left,small_object_proposal,heuristic,1.0,1193.0,454.0,1237.0,496.0,0,25.0,artificial_jewellery,video_20260404_121903,4800
0,Left,person,yolo,0.3085225820541382,296.9271240234375,190.31643676757812,1813.8662109375,1066.852783203125,5,0.0,artificial_jewellery,video_20260404_121903,4830
0,Left,small_object_proposal,heuristic,1.0,1116.0,484.0,1147.0,599.0,0,2.0,artificial_jewellery,video_20260404_121903,4830
0,Left,person,yolo,0.5224552750587463,324.06219482421875,169.93212890625,1843.6702880859375,1068.661376953125,5,0.0,artificial_jewellery,video_20260404_121903,4860
0,Left,person,yolo,0.5424591898918152,336.3868103027344,273.2618408203125,1465.267822265625,1068.71484375,5,0.0,artificial_jewellery,video_20260404_121903,4890
0,Left,small_object_proposal,heuristic,1.0,1133.0,492.0,1162.0,586.0,0,24.020824298928627,artificial_jewellery,video_20260404_121903,4890
0,Left,baseball bat,yolo,0.369184672832489,684.5465698242188,221.30618286132812,1109.497314453125,888.8931884765625,0,1.502685546875,artificial_jewellery,video_20260404_121903,4920
0,Left,person,yolo,0.3680938482284546,390.12652587890625,346.34124755859375,1799.6317138671875,1066.6351318359375,5,0.0,artificial_jewellery,video_20260404_121903,4920
0,Left,small_object_proposal,heuristic,1.0,1141.0,447.0,1176.0,581.0,0,13.0,artificial_jewellery,video_20260404_121903,4920
0,Left,person,yolo,0.4692474007606506,322.644287109375,332.7031555175781,1540.1693115234375,1066.4080810546875,5,0.0,artificial_jewellery,video_20260404_121903,4950
0,Left,person,yolo,0.3149857819080353,849.8917236328125,43.203460693359375,1844.8355712890625,1059.6292724609375,5,0.0,artificial_jewellery,video_20260404_121903,4950
0,Left,small_object_proposal,heuristic,1.0,1097.0,461.0,1126.0,561.0,0,14.142135623730951,artificial_jewellery,video_20260404_121903,4950
0,Left,small_object_proposal,heuristic,1.0,1205.0,456.0,1229.0,537.0,1,0.0,artificial_jewellery,video_20260404_121903,4950
0,Left,person,yolo,0.3912785947322845,853.928466796875,43.3304443359375,1848.7664794921875,1060.638427734375,5,0.0,artificial_jewellery,video_20260404_121903,4980
0,Left,person,yolo,0.3260486125946045,316.53399658203125,235.75387573242188,1623.487060546875,1066.2679443359375,5,0.0,artificial_jewellery,video_20260404_121903,4980
0,Left,small_object_proposal,heuristic,1.0,1100.0,448.0,1138.0,558.0,0,19.6468827043885,artificial_jewellery,video_20260404_121903,4980
0,Left,person,yolo,0.3277729451656341,887.3076782226562,127.72421264648438,1845.65771484375,1068.755615234375,5,0.0,artificial_jewellery,video_20260404_121903,5010
0,Left,person,yolo,0.3036932647228241,326.64691162109375,195.28765869140625,1546.25537109375,1067.254150390625,5,0.0,artificial_jewellery,video_20260404_121903,5010
0,Left,person,yolo,0.4011197984218597,255.43505859375,111.98785400390624,1874.5462646484375,1070.66162109375,5,0.0,artificial_jewellery,video_20260404_121903,5040
0,Left,person,yolo,0.3448356688022613,471.5661010742187,121.58633422851562,1872.45849609375,1070.291259765625,5,0.0,artificial_jewellery,video_20260404_121903,5070
0,Left,person,yolo,0.5621368885040283,353.31134033203125,74.12155151367188,1868.7100830078125,1064.96728515625,5,0.0,artificial_jewellery,video_20260404_121903,5100
0,Left,small_object_proposal,heuristic,1.0,1151.0,538.0,1212.0,568.0,0,22.0,artificial_jewellery,video_20260404_121903,5100
0,Left,person,yolo,0.7504874467849731,247.28961181640625,75.66055297851562,1687.1781005859375,1066.6783447265625,5,0.0,artificial_jewellery,video_20260404_121903,5130
0,Left,cell phone,yolo,0.4933212995529175,1049.4466552734375,391.5440368652344,1340.7584228515625,699.9349365234375,5,0.0,artificial_jewellery,video_20260404_121903,5130
0,Left,person,yolo,0.5710228085517883,234.8946533203125,92.52969360351562,1760.220703125,1070.0465087890625,5,0.0,artificial_jewellery,video_20260404_121903,5160
0,Left,small_object_proposal,heuristic,1.0,1195.0,547.0,1247.0,567.0,1,0.0,artificial_jewellery,video_20260404_121903,5160
0,Left,person,yolo,0.5949944853782654,258.7789611816406,83.18975830078125,1782.6822509765625,1069.037109375,5,0.0,artificial_jewellery,video_20260404_121903,5190
0,Left,person,yolo,0.4475555419921875,254.6583709716797,163.09881591796875,1732.452392578125,1069.2198486328125,5,0.0,artificial_jewellery,video_20260404_121903,5220
0,Left,person,yolo,0.4158694744110107,220.32275390625,415.3882141113281,1842.49658203125,1066.229248046875,5,0.0,artificial_jewellery,video_20260404_121903,5250
0,Left,person,yolo,0.4027501046657562,271.26654052734375,214.27386474609375,1784.3966064453125,1068.0216064453125,5,0.0,artificial_jewellery,video_20260404_121903,5280
0,Left,small_object_proposal,heuristic,1.0,1159.0,433.0,1186.0,583.0,1,0.0,artificial_jewellery,video_20260404_121903,5280
0,Left,person,yolo,0.4477399289608001,213.73004150390625,358.08856201171875,1802.0225830078125,1066.852294921875,5,0.0,artificial_jewellery,video_20260404_121903,5310
0,Left,small_object_proposal,heuristic,1.0,1152.0,444.0,1181.0,560.0,1,0.0,artificial_jewellery,video_20260404_121903,5310
0,Left,small_object_proposal,heuristic,1.0,1237.0,441.0,1270.0,504.0,2,0.0,artificial_jewellery,video_20260404_121903,5310
0,Left,person,yolo,0.3972716331481933,203.35784912109375,357.2018737792969,1790.1907958984375,1066.1719970703125,5,0.0,artificial_jewellery,video_20260404_121903,5340
0,Left,small_object_proposal,heuristic,1.0,1136.0,432.0,1159.0,541.0,1,0.0,artificial_jewellery,video_20260404_121903,5340
0,Left,person,yolo,0.5633794665336609,399.674560546875,157.82354736328125,1827.6771240234375,1067.562744140625,5,0.0,artificial_jewellery,video_20260404_121903,5370
0,Left,small_object_proposal,heuristic,1.0,1127.0,422.0,1158.0,559.0,0,16.0,artificial_jewellery,video_20260404_121903,5370
0,Left,person,yolo,0.3114622235298157,191.9901123046875,47.9578857421875,1894.260498046875,1063.32177734375,5,0.0,artificial_jewellery,video_20260404_121903,5400
0,Left,person,yolo,0.2610274255275726,321.6951599121094,341.85992431640625,1520.6231689453125,1062.1805419921875,5,0.0,artificial_jewellery,video_20260404_121903,5400
0,Left,small_object_proposal,heuristic,1.0,1122.0,406.0,1154.0,537.0,1,0.0,artificial_jewellery,video_20260404_121903,5400
0,Left,small_object_proposal,heuristic,1.0,1153.0,280.0,1190.0,353.0,0,11.0,artificial_jewellery,video_20260404_121903,5400
0,Left,person,yolo,0.4472851157188415,452.3007507324219,116.79730224609376,1790.870849609375,1067.5196533203125,5,0.0,artificial_jewellery,video_20260404_121903,5430
0,Right,person,yolo,0.5500720143318176,239.1947021484375,143.7550048828125,1620.03271484375,1067.182373046875,5,0.0,artificial_jewellery,video_20260404_121903,5460
0,Left,person,yolo,0.4406974911689758,306.4305114746094,133.68264770507812,1747.2357177734375,1068.4542236328125,5,0.0,artificial_jewellery,video_20260404_121903,5490
0,Left,person,yolo,0.6454744338989258,211.9771728515625,170.24835205078125,1708.6776123046875,1065.6080322265625,5,0.0,artificial_jewellery,video_20260404_121903,5520
0,Left,cell phone,yolo,0.3862904012203216,1026.3570556640625,477.2666931152344,1378.077392578125,723.625,5,0.0,artificial_jewellery,video_20260404_121903,5520
0,Left,person,yolo,0.4514297842979431,310.79437255859375,92.17730712890624,1674.55810546875,1070.880615234375,5,0.0,artificial_jewellery,video_20260404_121903,5550
0,Left,small_object_proposal,heuristic,1.0,1311.0,376.0,1347.0,431.0,0,17.46424919657298,artificial_jewellery,video_20260404_121903,5550
0,Left,person,yolo,0.4368974268436432,388.01312255859375,371.3997802734375,1501.1282958984375,1063.89599609375,5,0.0,artificial_jewellery,video_20260404_121903,5580
0,Left,person,yolo,0.2934025526046753,186.61976623535156,28.94183349609375,1717.074951171875,1069.6307373046875,5,0.0,artificial_jewellery,video_20260404_121903,5580
0,Left,person,yolo,0.2553508877754211,1094.1954345703125,379.6789855957031,1916.1617431640625,1066.54833984375,5,0.0,artificial_jewellery,video_20260404_121903,5580
0,Left,person,yolo,0.4795109629631042,388.6048583984375,339.9169616699219,1537.807373046875,1064.0560302734375,5,0.0,artificial_jewellery,video_20260404_121903,5610
0,Left,person,yolo,0.2817397117614746,1153.7791748046875,340.1379089355469,1911.6270751953125,1067.0205078125,5,0.0,artificial_jewellery,video_20260404_121903,5610
0,Left,person,yolo,0.4630162417888641,398.479248046875,344.6407470703125,1518.583740234375,1063.192138671875,5,0.0,artificial_jewellery,video_20260404_121903,5640
0,Left,person,yolo,0.5477660894393921,1137.8306884765625,341.4665222167969,1919.06298828125,1067.260986328125,5,0.0,artificial_jewellery,video_20260404_121903,5670
0,Left,person,yolo,0.4679102003574371,264.9126281738281,324.5843811035156,1696.32275390625,1063.5054931640625,5,0.0,artificial_jewellery,video_20260404_121903,5670
0,Left,person,yolo,0.515824556350708,256.37255859375,274.1434020996094,1682.6422119140625,1064.1107177734375,5,0.0,artificial_jewellery,video_20260404_121903,5700
0,Left,person,yolo,0.3865575492382049,1138.0989990234375,334.5991516113281,1918.638427734375,1068.2384033203125,5,0.0,artificial_jewellery,video_20260404_121903,5700
0,Left,small_object_proposal,heuristic,1.0,1248.0,376.0,1294.0,408.0,0,3.0,artificial_jewellery,video_20260404_121903,5700
0,Left,person,yolo,0.4633218646049499,166.8046875,119.13839721679688,1731.0535888671875,1066.187255859375,5,0.0,artificial_jewellery,video_20260404_121903,5730
0,Left,cell phone,yolo,0.2976558804512024,1105.34619140625,416.2242736816406,1444.200439453125,715.5648193359375,5,0.0,artificial_jewellery,video_20260404_121903,5730
0,Left,person,yolo,0.2520737946033478,183.86924743652344,63.754302978515625,1676.43798828125,1067.5780029296875,5,0.0,artificial_jewellery,video_20260404_121903,5760
0,Left,small_object_proposal,heuristic,1.0,1190.0,492.0,1227.0,536.0,0,19.697715603592208,artificial_jewellery,video_20260404_121903,5760
0,Left,person,yolo,0.5817923545837402,190.71629333496097,166.2802734375,1466.7060546875,1067.51708984375,5,0.0,artificial_jewellery,video_20260404_121903,5790
0,Left,small_object_proposal,heuristic,1.0,1286.0,541.0,1335.0,633.0,0,12.0,artificial_jewellery,video_20260404_121903,5790
0,Left,person,yolo,0.514796257019043,219.03872680664065,388.9178466796875,1475.6431884765625,1066.584228515625,5,0.0,artificial_jewellery,video_20260404_121903,5820
0,Left,person,yolo,0.3726432919502258,71.4693603515625,24.3262939453125,1517.8818359375,1065.8280029296875,5,0.0,artificial_jewellery,video_20260404_121903,5850
0,Left,person,yolo,0.4379467964172363,364.106689453125,381.9769592285156,1455.8577880859375,1066.0172119140625,5,0.0,artificial_jewellery,video_20260404_121903,5880
0,Left,person,yolo,0.5346637964248657,396.0382690429687,377.47467041015625,1457.65869140625,1065.531494140625,5,0.0,artificial_jewellery,video_20260404_121903,5910
0,Left,small_object_proposal,heuristic,1.0,1220.0,398.0,1315.0,450.0,0,25.0,artificial_jewellery,video_20260404_121903,5910
0,Left,small_object_proposal,heuristic,1.0,1109.0,443.0,1145.0,486.0,1,0.0,artificial_jewellery,video_20260404_121903,5910
0,Left,person,yolo,0.2859025299549103,1070.918701171875,387.3057861328125,1645.9366455078125,1064.196044921875,5,0.0,artificial_jewellery,video_20260404_121903,5940
0,Left,small_object_proposal,heuristic,1.0,1245.0,452.0,1281.0,491.0,0,1.0,artificial_jewellery,video_20260404_121903,5940
0,Left,small_object_proposal,heuristic,1.0,1134.0,428.0,1160.0,563.0,0,9.0,artificial_jewellery,video_20260404_121903,5970
0,Left,small_object_proposal,heuristic,1.0,1226.0,449.0,1249.0,520.0,1,0.0,artificial_jewellery,video_20260404_121903,5970
0,Left,person,yolo,0.4030689299106598,130.77964782714844,21.836517333984375,1562.5712890625,1068.1217041015625,5,0.0,artificial_jewellery,video_20260404_121903,6000
0,Left,person,yolo,0.4625496566295624,341.73834228515625,289.9413757324219,1561.2529296875,1064.064208984375,5,0.0,artificial_jewellery,video_20260404_121903,6030
0,Left,person,yolo,0.3981217443943023,176.4660186767578,29.00518798828125,1656.1754150390625,1063.2626953125,5,0.0,artificial_jewellery,video_20260404_121903,6090
0,Left,person,yolo,0.5312210917472839,141.53082275390625,451.0175476074219,1580.6192626953125,1064.7840576171875,5,0.0,artificial_jewellery,video_20260404_121903,6120
0,Left,person,yolo,0.3058663606643677,388.3521423339844,233.0548095703125,1516.39453125,1065.703857421875,5,0.0,artificial_jewellery,video_20260404_121903,6150
0,Left,small_object_proposal,heuristic,1.0,1204.0,350.0,1255.0,377.0,0,24.0,artificial_jewellery,video_20260404_121903,6150
0,Left,person,yolo,0.3925298452377319,418.1044921875,243.41134643554688,1553.870849609375,1065.2325439453125,5,0.0,artificial_jewellery,video_20260404_121903,6210
0,Right,person,yolo,0.4738290011882782,405.233642578125,219.99343872070312,1464.214599609375,1067.2998046875,5,0.0,artificial_jewellery,video_20260404_121903,6270
0,Left,person,yolo,0.3854309618473053,389.3245544433594,288.8935546875,1437.1063232421875,1067.40966796875,5,0.0,artificial_jewellery,video_20260404_121903,6300
0,Left,person,yolo,0.3360410928726196,227.44203186035156,3.389739990234375,1474.0679931640625,1051.396728515625,5,0.0,artificial_jewellery,video_20260404_121903,6330
0,Left,person,yolo,0.507077693939209,326.19854736328125,424.7842102050781,1497.0631103515625,1066.8673095703125,5,0.0,artificial_jewellery,video_20260404_121903,6390
0,Left,person,yolo,0.4740975499153137,264.47698974609375,439.838134765625,1612.8438720703125,1065.7142333984375,5,0.0,artificial_jewellery,video_20260404_121903,6450
0,Left,person,yolo,0.4533734619617462,335.275634765625,380.5953369140625,1436.8203125,1065.416015625,5,0.0,artificial_jewellery,video_20260404_121903,6510
0,Left,person,yolo,0.633964478969574,57.35577392578125,52.72265625,1823.312744140625,1070.8388671875,5,0.0,artificial_jewellery,video_20260404_121903,6720
0,Left,scissors,yolo,0.5153241753578186,1298.6507568359375,424.73052978515625,1732.0262451171875,673.6412353515625,5,0.0,artificial_jewellery,video_20260404_121903,7020
0,Left,person,yolo,0.4384782016277313,60.1329345703125,153.28729248046875,1902.755859375,1067.969970703125,5,0.0,artificial_jewellery,video_20260404_121903,7020
0,Left,person,yolo,0.3038585782051086,64.4102783203125,445.906982421875,1821.7880859375,1064.886962890625,5,0.0,artificial_jewellery,video_20260404_121903,7050
0,Left,person,yolo,0.2984454035758972,101.84637451171876,75.24087524414062,1893.1900634765625,1067.9871826171875,5,0.0,artificial_jewellery,video_20260404_121903,7260
0,Left,small_object_proposal,heuristic,1.0,1475.0,600.0,1517.0,633.0,1,0.0,artificial_jewellery,video_20260404_121903,7290
0,Left,small_object_proposal,heuristic,1.0,1486.0,599.0,1539.0,665.0,0,8.0,artificial_jewellery,video_20260404_121903,7320
0,Left,person,yolo,0.3350673317909241,95.17840576171876,323.1107482910156,1787.8203125,1067.1229248046875,5,0.0,artificial_jewellery,video_20260404_121903,7350
0,Left,person,yolo,0.5396193861961365,175.9463653564453,137.84866333007812,1708.1107177734375,1071.76025390625,5,0.0,artificial_jewellery,video_20260404_121903,7380
0,Left,person,yolo,0.4763502478599548,270.59063720703125,185.38677978515625,1694.70703125,1066.0667724609375,5,0.0,artificial_jewellery,video_20260404_121903,7410
0,Left,scissors,yolo,0.4879359304904938,211.828125,123.36264038085938,1727.935546875,1061.130859375,5,0.0,artificial_jewellery,video_20260404_121903,7500
0,Left,person,yolo,0.3255467116832733,291.31494140625,69.8115234375,1685.035400390625,1067.3065185546875,5,0.0,artificial_jewellery,video_20260404_121903,7500
0,Left,scissors,yolo,0.3114796280860901,1163.50634765625,212.5572509765625,1490.9296875,661.1029052734375,5,0.0,artificial_jewellery,video_20260404_121903,7500
0,Left,person,yolo,0.5770583748817444,206.3558349609375,19.03546142578125,1701.6248779296875,1072.24365234375,5,0.0,artificial_jewellery,video_20260404_121903,7530
0,Left,small_object_proposal,heuristic,1.0,1544.0,561.0,1595.0,609.0,1,0.0,artificial_jewellery,video_20260404_121903,7560
0,Left,person,yolo,0.5131545066833496,1474.462646484375,328.5090637207031,1919.553955078125,936.2716064453124,5,0.0,artificial_jewellery,video_20260404_121903,7590
0,Left,person,yolo,0.2969096302986145,376.9764404296875,394.1911926269531,1713.739501953125,1064.962646484375,5,0.0,artificial_jewellery,video_20260404_121903,7650
0,Left,small_object_proposal,heuristic,1.0,1402.0,428.0,1481.0,488.0,0,6.0,artificial_jewellery,video_20260404_121903,7650
0,Left,small_object_proposal,heuristic,1.0,1349.0,436.0,1406.0,481.0,2,0.0,artificial_jewellery,video_20260404_121903,7710
0,Left,small_object_proposal,heuristic,1.0,1334.0,442.0,1384.0,487.0,1,0.0,artificial_jewellery,video_20260404_121903,7710
0,Left,small_object_proposal,heuristic,1.0,1311.0,440.0,1353.0,486.0,1,0.0,artificial_jewellery,video_20260404_121903,7740
0,Left,person,yolo,0.2989247143268585,188.3671875,4.2139892578125,1777.6270751953125,1066.0169677734375,5,0.0,artificial_jewellery,video_20260404_121903,7770
0,Left,small_object_proposal,heuristic,1.0,1296.0,441.0,1340.0,487.0,1,0.0,artificial_jewellery,video_20260404_121903,7770
0,Left,knife,yolo,0.262792557477951,1429.827392578125,100.77708435058594,1685.486572265625,557.6539916992188,5,0.0,artificial_jewellery,video_20260404_121903,7800
0,Left,small_object_proposal,heuristic,1.0,1605.0,358.0,1644.0,412.0,0,24.0,artificial_jewellery,video_20260404_121903,7800
0,Left,person,yolo,0.3586619198322296,248.14068603515625,7.8240966796875,1881.539794921875,1050.1650390625,5,0.0,artificial_jewellery,video_20260404_121903,7830
0,Left,person,yolo,0.2637185752391815,1563.942626953125,282.3373718261719,1889.113037109375,1065.9012451171875,5,0.0,artificial_jewellery,video_20260404_121903,7860
0,Left,person,yolo,0.6272957921028137,1504.392333984375,356.2702331542969,1850.943603515625,1063.1846923828125,5,0.0,artificial_jewellery,video_20260404_121903,7890
0,Left,small_object_proposal,heuristic,1.0,1568.0,423.0,1632.0,479.0,0,7.0,artificial_jewellery,video_20260404_121903,7890
0,Left,person,yolo,0.5609509944915771,273.2373046875,435.8376159667969,1836.5218505859375,1060.5086669921875,5,0.0,artificial_jewellery,video_20260404_121903,8070
0,Left,person,yolo,0.400652140378952,467.9051513671875,1.26580810546875,1914.4974365234375,1038.14404296875,5,0.0,artificial_jewellery,video_20260404_121903,8100
0,Left,small_object_proposal,heuristic,1.0,1430.0,510.0,1495.0,552.0,1,0.0,artificial_jewellery,video_20260404_121903,8100
0,Left,person,yolo,0.4456042945384979,1465.750732421875,330.7233581542969,1821.1541748046875,1067.190185546875,5,0.0,artificial_jewellery,video_20260404_121903,8130
0,Left,person,yolo,0.25135338306427,30.25927734375,329.02459716796875,1841.779541015625,1061.8653564453125,5,0.0,artificial_jewellery,video_20260404_121903,8130
0,Left,small_object_proposal,heuristic,1.0,1536.0,388.0,1603.0,444.0,0,3.0,artificial_jewellery,video_20260404_121903,8130
0,Left,person,yolo,0.3306663334369659,283.4930419921875,183.00338745117188,1707.0201416015625,1067.220703125,5,0.0,artificial_jewellery,video_20260404_121903,8220
0,Left,scissors,yolo,0.2875161468982696,1214.1533203125,194.39703369140625,1621.9925537109375,528.1834716796875,5,0.0,artificial_jewellery,video_20260404_121903,8220
0,Left,small_object_proposal,heuristic,1.0,1379.0,368.0,1426.0,414.0,1,0.0,artificial_jewellery,video_20260404_121903,8220
0,Left,person,yolo,0.4000158607959747,99.28802490234376,84.87213134765625,1716.0411376953125,1066.017333984375,5,0.0,artificial_jewellery,video_20260404_121903,8250
0,Left,small_object_proposal,heuristic,1.0,1377.0,370.0,1425.0,418.0,1,0.0,artificial_jewellery,video_20260404_121903,8250
0,Left,person,yolo,0.3890430033206939,218.40582275390625,27.0831298828125,1827.0751953125,1068.062255859375,5,0.0,artificial_jewellery,video_20260404_121903,8280
0,Left,small_object_proposal,heuristic,1.0,1371.0,379.0,1408.0,420.0,1,0.0,artificial_jewellery,video_20260404_121903,8280
0,Left,scissors,yolo,0.7394930720329285,1287.0755615234375,388.97515869140625,1714.456787109375,677.1641235351562,5,0.0,artificial_jewellery,video_20260404_121903,8340
0,Left,person,yolo,0.2715689837932586,63.83258056640625,35.609619140625,1895.9320068359375,1066.3052978515625,5,0.0,artificial_jewellery,video_20260404_121903,8340
0,Left,small_object_proposal,heuristic,1.0,1533.0,479.0,1608.0,498.0,0,18.0,artificial_jewellery,video_20260404_121903,8340
0,Left,person,yolo,0.389352947473526,101.7366943359375,137.13583374023438,1776.1776123046875,1068.1279296875,5,0.0,artificial_jewellery,video_20260404_121903,8370
0,Left,scissors,yolo,0.4838359355926513,1277.26318359375,351.3045959472656,1776.93896484375,531.2300415039062,5,0.0,artificial_jewellery,video_20260404_121903,8400
0,Left,small_object_proposal,heuristic,1.0,1519.0,447.0,1550.0,489.0,1,0.0,artificial_jewellery,video_20260404_121903,8400
0,Left,small_object_proposal,heuristic,1.0,1566.0,424.0,1634.0,443.0,0,24.0,artificial_jewellery,video_20260404_121903,8400
0,Left,person,yolo,0.6634809970855713,170.0654296875,10.906494140625,1770.59814453125,1068.2808837890625,5,0.0,artificial_jewellery,video_20260404_121903,8430
0,Left,person,yolo,0.5128342509269714,47.79986572265625,159.86929321289062,1777.55712890625,1068.862548828125,5,0.0,artificial_jewellery,video_20260404_121903,8460
0,Left,small_object_proposal,heuristic,1.0,1349.0,358.0,1401.0,392.0,1,0.0,artificial_jewellery,video_20260404_121903,8460
0,Left,person,yolo,0.5468170046806335,176.8260498046875,203.77496337890625,1764.159423828125,1067.2666015625,5,0.0,artificial_jewellery,video_20260404_121903,8490
0,Left,person,yolo,0.3587051630020141,65.58526611328125,17.649810791015625,1750.1588134765625,1049.5052490234375,5,0.0,artificial_jewellery,video_20260404_121903,8520
0,Left,small_object_proposal,heuristic,1.0,1386.0,324.0,1433.0,365.0,2,0.0,artificial_jewellery,video_20260404_121903,8520
0,Left,person,yolo,0.4612034261226654,202.3289794921875,208.6083984375,1738.98193359375,1065.527099609375,5,0.0,artificial_jewellery,video_20260404_121903,8550
0,Left,small_object_proposal,heuristic,1.0,1375.0,305.0,1423.0,355.0,0,8.0,artificial_jewellery,video_20260404_121903,8550
0,Left,small_object_proposal,heuristic,1.0,1340.0,354.0,1368.0,432.0,0,1.0,artificial_jewellery,video_20260404_121903,8550
0,Left,person,yolo,0.6421108841896057,119.3115234375,101.73284912109376,1716.3526611328125,1064.639404296875,5,0.0,artificial_jewellery,video_20260404_121903,8580
0,Left,small_object_proposal,heuristic,1.0,1370.0,301.0,1428.0,351.0,1,0.0,artificial_jewellery,video_20260404_121903,8580
0,Left,small_object_proposal,heuristic,1.0,1341.0,364.0,1366.0,430.0,0,4.0,artificial_jewellery,video_20260404_121903,8580
0,Left,person,yolo,0.4958532452583313,106.13818359375,213.1270751953125,1734.3746337890625,1066.2579345703125,5,0.0,artificial_jewellery,video_20260404_121903,8610
0,Left,small_object_proposal,heuristic,1.0,1365.0,316.0,1419.0,367.0,2,0.0,artificial_jewellery,video_20260404_121903,8610
0,Left,small_object_proposal,heuristic,1.0,1338.0,376.0,1361.0,444.0,0,18.973665961010276,artificial_jewellery,video_20260404_121903,8610
0,Left,person,yolo,0.4089467227458954,1315.2615966796875,372.0003662109375,1918.2982177734375,1065.1552734375,5,0.0,artificial_jewellery,video_20260404_121903,8640
0,Left,knife,yolo,0.3069497942924499,1225.490478515625,238.8387451171875,1630.0528564453125,533.022216796875,5,0.0,artificial_jewellery,video_20260404_121903,8640
0,Left,small_object_proposal,heuristic,1.0,1063.0,465.0,1095.0,540.0,0,22.80350850198276,artificial_jewellery,video_20260404_121903,8670
0,Left,person,yolo,0.3584569692611694,306.1397399902344,345.5122375488281,1814.4951171875,1068.7421875,5,0.0,artificial_jewellery,video_20260404_121903,8730
0,Right,person,yolo,0.4820819795131683,579.2105712890625,111.328857421875,1908.714111328125,1068.61279296875,1,0.0,artificial_jewellery,video_20260404_121903,8790
0,Left,person,yolo,0.6496334075927734,23.70428466796875,289.2117919921875,1836.77197265625,1070.615478515625,5,0.0,artificial_jewellery,video_20260404_121903,8850
0,Right,person,yolo,0.7153387069702148,37.46337890625,6.31329345703125,1715.6473388671875,1068.46044921875,5,0.0,artificial_jewellery,video_20260404_121903,8880
1,Left,person,yolo,0.7153387069702148,37.46337890625,6.31329345703125,1715.6473388671875,1068.46044921875,5,0.0,artificial_jewellery,video_20260404_121903,8880
0,Left,person,yolo,0.6465839743614197,80.347412109375,11.60467529296875,1887.029296875,1069.6673583984375,5,0.0,artificial_jewellery,video_20260404_121903,8910
0,Left,small_object_proposal,heuristic,1.0,1257.0,102.0,1321.0,172.0,0,6.082762530298219,artificial_jewellery,video_20260404_121903,8910
0,Left,small_object_proposal,heuristic,1.0,1229.0,86.0,1263.0,155.0,0,20.8806130178211,artificial_jewellery,video_20260404_121903,8910
0,Left,person,yolo,0.7696730494499207,139.82830810546875,33.0311279296875,1862.0966796875,1069.2254638671875,5,0.0,artificial_jewellery,video_20260404_121903,8940
0,Left,small_object_proposal,heuristic,1.0,1171.0,277.0,1208.0,326.0,0,1.0,artificial_jewellery,video_20260404_121903,8940
1,Right,person,yolo,0.7696730494499207,139.82830810546875,33.0311279296875,1862.0966796875,1069.2254638671875,5,0.0,artificial_jewellery,video_20260404_121903,8940
0,Left,person,yolo,0.7866906523704529,34.891845703125,254.07962036132812,1831.776123046875,1070.7735595703125,5,0.0,artificial_jewellery,video_20260404_121903,8970
0,Left,small_object_proposal,heuristic,1.0,1062.0,312.0,1114.0,341.0,0,11.0,artificial_jewellery,video_20260404_121903,8970
1,Right,person,yolo,0.7866906523704529,34.891845703125,254.07962036132812,1831.776123046875,1070.7735595703125,5,0.0,artificial_jewellery,video_20260404_121903,8970
1,Right,small_object_proposal,heuristic,1.0,523.0,367.0,561.0,415.0,1,0.0,artificial_jewellery,video_20260404_121903,8970
0,Left,person,yolo,0.672903835773468,30.9517822265625,0.72637939453125,1898.792724609375,1065.697998046875,5,0.0,artificial_jewellery,video_20260404_121903,9000
0,Left,small_object_proposal,heuristic,1.0,1352.0,99.0,1411.0,176.0,0,12.0,artificial_jewellery,video_20260404_121903,9000
1,Right,person,yolo,0.672903835773468,30.9517822265625,0.72637939453125,1898.792724609375,1065.697998046875,5,0.0,artificial_jewellery,video_20260404_121903,9000
1,Right,person,yolo,0.3758547306060791,0.46710205078125,278.045654296875,580.06005859375,1080.0,5,0.0,artificial_jewellery,video_20260404_121903,9000
1,Right,small_object_proposal,heuristic,1.0,520.0,349.0,577.0,397.0,1,0.0,artificial_jewellery,video_20260404_121903,9000
0,Right,person,yolo,0.4166175127029419,556.5662841796875,191.92758178710935,1619.5352783203125,1067.2965087890625,5,0.0,artificial_jewellery,video_20260404_121903,9090
0,Right,person,yolo,0.2803984582424164,330.6825256347656,185.86459350585935,691.1455688476562,1067.765869140625,5,0.0,artificial_jewellery,video_20260404_121903,9090
0,Right,small_object_proposal,heuristic,1.0,620.0,204.0,654.0,257.0,0,3.0,artificial_jewellery,video_20260404_121903,9090
0,Right,person,yolo,0.5352081060409546,206.65264892578125,218.74832153320312,1836.1627197265625,1063.2425537109375,5,0.0,artificial_jewellery,video_20260404_121903,9120
0,Right,small_object_proposal,heuristic,1.0,1170.0,671.0,1228.0,696.0,0,12.083045973594572,artificial_jewellery,video_20260404_121903,9120
1,Left,person,yolo,0.5352081060409546,206.65264892578125,218.74832153320312,1836.1627197265625,1063.2425537109375,5,0.0,artificial_jewellery,video_20260404_121903,9120
1,Left,small_object_proposal,heuristic,1.0,1085.0,641.0,1159.0,673.0,4,0.0,artificial_jewellery,video_20260404_121903,9120
1,Left,small_object_proposal,heuristic,1.0,1170.0,671.0,1228.0,696.0,0,13.416407864998739,artificial_jewellery,video_20260404_121903,9120
0,Right,person,yolo,0.7003547549247742,291.78131103515625,362.5441589355469,1720.5963134765625,1069.6156005859375,5,0.0,artificial_jewellery,video_20260404_121903,9150
0,Right,cell phone,yolo,0.2519517540931701,993.8867797851562,632.11328125,1184.7071533203125,771.2069702148438,0,2.8890015869826597,artificial_jewellery,video_20260404_121903,9150
0,Right,small_object_proposal,heuristic,1.0,968.0,760.0,996.0,808.0,0,5.0,artificial_jewellery,video_20260404_121903,9150
1,Left,person,yolo,0.7003547549247742,291.78131103515625,362.5441589355469,1720.5963134765625,1069.6156005859375,5,0.0,artificial_jewellery,video_20260404_121903,9150
1,Left,cell phone,yolo,0.2519517540931701,993.8867797851562,632.11328125,1184.7071533203125,771.2069702148438,2,0.0,artificial_jewellery,video_20260404_121903,9150
0,Left,person,yolo,0.5364989042282104,266.940673828125,5.685516357421875,1886.1805419921875,1071.4486083984375,5,0.0,artificial_jewellery,video_20260404_121903,9180
0,Left,small_object_proposal,heuristic,1.0,1159.0,9.0,1227.0,77.0,1,0.0,artificial_jewellery,video_20260404_121903,9180
0,Left,small_object_proposal,heuristic,1.0,1075.0,66.0,1182.0,99.0,1,0.0,artificial_jewellery,video_20260404_121903,9180
1,Right,person,yolo,0.5364989042282104,266.940673828125,5.685516357421875,1886.1805419921875,1071.4486083984375,5,0.0,artificial_jewellery,video_20260404_121903,9180
0,Left,person,yolo,0.3090865015983581,141.306884765625,257.3275451660156,1685.07421875,1063.2332763671875,5,0.0,artificial_jewellery,video_20260404_121903,9210
0,Left,small_object_proposal,heuristic,1.0,1124.0,566.0,1230.0,613.0,0,14.0,artificial_jewellery,video_20260404_121903,9210
0,Left,small_object_proposal,heuristic,1.0,1052.0,578.0,1104.0,617.0,0,8.0,artificial_jewellery,video_20260404_121903,9210
1,Left,person,yolo,0.3090865015983581,141.306884765625,257.3275451660156,1685.07421875,1063.2332763671875,5,0.0,artificial_jewellery,video_20260404_121903,9210
0,Left,person,yolo,0.3580159246921539,325.779052734375,349.28594970703125,1688.6260986328125,1069.1968994140625,5,0.0,artificial_jewellery,video_20260404_121903,9240
1,Right,person,yolo,0.3580159246921539,325.779052734375,349.28594970703125,1688.6260986328125,1069.1968994140625,5,0.0,artificial_jewellery,video_20260404_121903,9240
0,Left,person,yolo,0.5502209663391113,232.6552734375,2.077789306640625,1819.2333984375,1073.055419921875,5,0.0,artificial_jewellery,video_20260404_121903,9270
0,Left,small_object_proposal,heuristic,1.0,1260.0,33.0,1321.0,82.0,1,0.0,artificial_jewellery,video_20260404_121903,9270
1,Right,person,yolo,0.5502209663391113,232.6552734375,2.077789306640625,1819.2333984375,1073.055419921875,5,0.0,artificial_jewellery,video_20260404_121903,9270
1,Right,person,yolo,0.50893634557724,379.3534240722656,355.9241638183594,1102.9453125,1072.3809814453125,5,0.0,artificial_jewellery,video_20260404_121903,9270
0,Left,person,yolo,0.6840326189994812,668.253662109375,359.9087219238281,1721.214111328125,1067.7908935546875,5,0.0,artificial_jewellery,video_20260404_121903,9300
0,Left,person,yolo,0.5578227043151855,267.86041259765625,354.6885681152344,1686.279052734375,1071.501708984375,5,0.0,artificial_jewellery,video_20260404_121903,9330
0,Left,small_object_proposal,heuristic,1.0,1160.0,551.0,1204.0,595.0,1,0.0,artificial_jewellery,video_20260404_121903,9330
1,Right,person,yolo,0.5578227043151855,267.86041259765625,354.6885681152344,1686.279052734375,1071.501708984375,5,0.0,artificial_jewellery,video_20260404_121903,9330
1,Right,small_object_proposal,heuristic,1.0,885.0,695.0,944.0,756.0,1,0.0,artificial_jewellery,video_20260404_121903,9330
0,Left,person,yolo,0.5593619346618652,171.21588134765625,0.0,1881.44873046875,1069.2974853515625,5,0.0,artificial_jewellery,video_20260404_121903,9360
0,Left,cell phone,yolo,0.5499446392059326,1142.965087890625,94.7350845336914,1263.1083984375,181.65220642089844,0,21.735084533691406,artificial_jewellery,video_20260404_121903,9360
0,Left,small_object_proposal,heuristic,1.0,1177.0,31.0,1290.0,61.0,1,0.0,artificial_jewellery,video_20260404_121903,9360
0,Left,small_object_proposal,heuristic,1.0,1179.0,608.0,1250.0,668.0,0,19.0,artificial_jewellery,video_20260404_121903,9390
0,Left,small_object_proposal,heuristic,1.0,1024.0,617.0,1116.0,663.0,1,0.0,artificial_jewellery,video_20260404_121903,9390
0,Left,person,yolo,0.7325226664543152,460.18450927734375,0.0,1737.519775390625,1056.385009765625,5,0.0,artificial_jewellery,video_20260404_121903,9450
0,Left,donut,yolo,0.2774294912815094,1048.2279052734375,72.8104248046875,1254.5379638671875,203.2335662841797,2,0.0,artificial_jewellery,video_20260404_121903,9450
0,Left,small_object_proposal,heuristic,1.0,1268.0,11.0,1331.0,76.0,0,20.0,artificial_jewellery,video_20260404_121903,9450
0,Left,small_object_proposal,heuristic,1.0,1079.0,152.0,1113.0,213.0,0,7.0,artificial_jewellery,video_20260404_121903,9450
1,Right,person,yolo,0.7325226664543152,460.18450927734375,0.0,1737.519775390625,1056.385009765625,5,0.0,artificial_jewellery,video_20260404_121903,9450
1,Right,person,yolo,0.2668652832508087,4.79132080078125,362.6015625,1008.8118896484376,1066.2767333984375,5,0.0,artificial_jewellery,video_20260404_121903,9450
1,Right,small_object_proposal,heuristic,1.0,945.0,681.0,989.0,716.0,0,6.0,artificial_jewellery,video_20260404_121903,9450
0,Left,person,yolo,0.5345544815063477,648.9598388671875,0.0,1843.041259765625,1072.8013916015625,2,0.0,artificial_jewellery,video_20260404_121903,9480
0,Left,cell phone,yolo,0.281535804271698,1090.5726318359375,36.76029968261719,1301.3411865234375,164.5114288330078,2,0.0,artificial_jewellery,video_20260404_121903,9480
0,Left,person,yolo,0.4966953992843628,621.3107299804688,402.9327392578125,1731.8140869140625,1072.2030029296875,5,0.0,artificial_jewellery,video_20260404_121903,9510
0,Left,small_object_proposal,heuristic,1.0,1119.0,567.0,1190.0,611.0,0,7.0,artificial_jewellery,video_20260404_121903,9510
1,Right,person,yolo,0.4966953992843628,621.3107299804688,402.9327392578125,1731.8140869140625,1072.2030029296875,5,0.0,artificial_jewellery,video_20260404_121903,9510
1,Right,small_object_proposal,heuristic,1.0,1038.0,559.0,1073.0,592.0,1,0.0,artificial_jewellery,video_20260404_121903,9510
0,Left,person,yolo,0.6891445517539978,661.5448608398438,362.6705932617187,1679.0408935546875,1070.4053955078125,5,0.0,artificial_jewellery,video_20260404_121903,9540
0,Left,small_object_proposal,heuristic,1.0,962.0,436.0,1063.0,473.0,0,23.0,artificial_jewellery,video_20260404_121903,9540
0,Left,small_object_proposal,heuristic,1.0,1146.0,356.0,1224.0,386.0,0,19.0,artificial_jewellery,video_20260404_121903,9540
0,Left,small_object_proposal,heuristic,1.0,1063.0,519.0,1123.0,551.0,0,19.313207915827967,artificial_jewellery,video_20260404_121903,9540
1,Right,person,yolo,0.6891445517539978,661.5448608398438,362.6705932617187,1679.0408935546875,1070.4053955078125,5,0.0,artificial_jewellery,video_20260404_121903,9540
0,Left,person,yolo,0.5888857245445251,95.29229736328124,8.2587890625,1836.0345458984375,1063.390625,5,0.0,artificial_jewellery,video_20260404_121903,9570
0,Left,small_object_proposal,heuristic,1.0,1367.0,84.0,1476.0,129.0,1,0.0,artificial_jewellery,video_20260404_121903,9570
0,Left,small_object_proposal,heuristic,1.0,1467.0,58.0,1533.0,123.0,1,0.0,artificial_jewellery,video_20260404_121903,9570
0,Left,small_object_proposal,heuristic,1.0,1261.0,99.0,1309.0,140.0,0,5.0,artificial_jewellery,video_20260404_121903,9570
0,Left,person,yolo,0.2599172294139862,7.791229248046875,353.06817626953125,953.8109130859376,1065.946044921875,1,0.0,artificial_jewellery,video_20260404_121903,9660
0,Left,small_object_proposal,heuristic,1.0,1030.0,661.0,1138.0,705.0,1,0.0,artificial_jewellery,video_20260404_121903,9660
1,Right,person,yolo,0.2599172294139862,7.791229248046875,353.06817626953125,953.8109130859376,1065.946044921875,5,0.0,artificial_jewellery,video_20260404_121903,9660
1,Right,small_object_proposal,heuristic,1.0,744.0,785.0,813.0,827.0,0,5.0,artificial_jewellery,video_20260404_121903,9660
1,Right,small_object_proposal,heuristic,1.0,792.0,826.0,831.0,881.0,1,0.0,artificial_jewellery,video_20260404_121903,9660
1,Right,small_object_proposal,heuristic,1.0,759.0,825.0,797.0,873.0,1,0.0,artificial_jewellery,video_20260404_121903,9660
0,Left,person,yolo,0.6286032199859619,26.40252685546875,45.696075439453125,1732.7630615234375,1055.7252197265625,5,0.0,artificial_jewellery,video_20260404_121903,9690
1,Right,person,yolo,0.6286032199859619,26.40252685546875,45.696075439453125,1732.7630615234375,1055.7252197265625,5,0.0,artificial_jewellery,video_20260404_121903,9690
1,Right,small_object_proposal,heuristic,1.0,295.0,721.0,394.0,770.0,0,6.0,artificial_jewellery,video_20260404_121903,9690
1,Right,small_object_proposal,heuristic,1.0,360.0,770.0,419.0,831.0,3,0.0,artificial_jewellery,video_20260404_121903,9690
1,Right,small_object_proposal,heuristic,1.0,341.0,714.0,415.0,756.0,0,20.0,artificial_jewellery,video_20260404_121903,9690
0,Left,person,yolo,0.5709372758865356,0.0,0.0,1739.05810546875,1066.41357421875,5,0.0,artificial_jewellery,video_20260404_121903,9720
0,Left,person,yolo,0.509974479675293,1150.47509765625,9.91534423828125,1776.8133544921875,1066.1800537109375,5,0.0,artificial_jewellery,video_20260404_121903,9720
0,Left,small_object_proposal,heuristic,1.0,1385.0,41.0,1427.0,86.0,0,4.0,artificial_jewellery,video_20260404_121903,9720
1,Right,person,yolo,0.5709372758865356,0.0,0.0,1739.05810546875,1066.41357421875,5,0.0,artificial_jewellery,video_20260404_121903,9720
1,Right,small_object_proposal,heuristic,1.0,383.0,778.0,437.0,843.0,1,0.0,artificial_jewellery,video_20260404_121903,9720
1,Right,small_object_proposal,heuristic,1.0,347.0,726.0,422.0,766.0,0,23.0,artificial_jewellery,video_20260404_121903,9720
1,Right,small_object_proposal,heuristic,1.0,401.0,785.0,427.0,817.0,0,16.55294535724685,artificial_jewellery,video_20260404_121903,9720
0,Left,person,yolo,0.3679870367050171,298.7548828125,337.93157958984375,1616.9425048828125,1069.66845703125,5,0.0,artificial_jewellery,video_20260404_121903,9870
0,Left,person,yolo,0.6231545209884644,333.919921875,392.2322387695313,1660.7955322265625,1068.1177978515625,5,0.0,artificial_jewellery,video_20260404_121903,9900
0,Left,person,yolo,0.5045939683914185,144.09356689453125,268.86346435546875,1575.9814453125,1063.9007568359375,5,0.0,artificial_jewellery,video_20260404_121903,9930
0,Left,small_object_proposal,heuristic,1.0,1193.0,578.0,1272.0,633.0,3,0.0,artificial_jewellery,video_20260404_121903,9930
0,Left,small_object_proposal,heuristic,1.0,1215.0,601.0,1268.0,644.0,3,0.0,artificial_jewellery,video_20260404_121903,9930
0,Left,person,yolo,0.5821090936660767,244.87994384765625,103.4249267578125,1880.0709228515625,1067.1572265625,5,0.0,artificial_jewellery,video_20260404_121903,10020
0,Left,small_object_proposal,heuristic,1.0,1266.0,530.0,1294.0,579.0,0,9.0,artificial_jewellery,video_20260404_121903,10020
0,Left,person,yolo,0.2789101004600525,54.7386474609375,232.3285217285156,1824.416015625,1069.970947265625,5,0.0,artificial_jewellery,video_20260404_121903,10050
0,Left,small_object_proposal,heuristic,1.0,1281.0,559.0,1366.0,609.0,0,11.0,artificial_jewellery,video_20260404_121903,10050
0,Left,person,yolo,0.2528776526451111,122.7835693359375,144.18914794921875,1867.1070556640625,1065.1751708984375,5,0.0,artificial_jewellery,video_20260404_121903,10170
0,Left,person,yolo,0.2661519944667816,59.5506591796875,183.617431640625,1886.5726318359375,1066.547607421875,5,0.0,artificial_jewellery,video_20260404_121903,10200
0,Left,small_object_proposal,heuristic,1.0,1223.0,587.0,1263.0,677.0,2,0.0,artificial_jewellery,video_20260404_121903,10200
0,Left,person,yolo,0.3467918038368225,225.62054443359375,160.37008666992188,1876.85009765625,1065.5211181640625,5,0.0,artificial_jewellery,video_20260404_121903,10230
0,Left,person,yolo,0.3029219210147857,255.306884765625,171.05767822265625,1796.145263671875,1063.8800048828125,5,0.0,artificial_jewellery,video_20260404_121903,10260
0,Left,small_object_proposal,heuristic,1.0,1196.0,477.0,1226.0,532.0,1,0.0,artificial_jewellery,video_20260404_121903,10260
0,Left,person,yolo,0.3890821039676666,213.2010498046875,172.540283203125,1803.40283203125,1063.65087890625,5,0.0,artificial_jewellery,video_20260404_121903,10290
0,Left,person,yolo,0.669973611831665,263.35894775390625,190.74728393554688,1661.000244140625,1063.940185546875,5,0.0,artificial_jewellery,video_20260404_121903,10320
0,Left,person,yolo,0.5719524621963501,178.55419921875,170.84774780273438,1762.06201171875,1068.4312744140625,5,0.0,artificial_jewellery,video_20260404_121903,10350
0,Left,person,yolo,0.491207093000412,155.71728515625,126.249755859375,1820.11962890625,1068.92578125,5,0.0,artificial_jewellery,video_20260404_121903,10380
0,Left,small_object_proposal,heuristic,1.0,1230.0,375.0,1301.0,429.0,0,23.769728648009426,artificial_jewellery,video_20260404_121903,10380
0,Left,small_object_proposal,heuristic,1.0,1192.0,420.0,1283.0,448.0,1,0.0,artificial_jewellery,video_20260404_121903,10380
0,Left,person,yolo,0.5181252360343933,244.15196228027344,176.9791259765625,1692.2857666015625,1067.66796875,5,0.0,artificial_jewellery,video_20260404_121903,10410
0,Left,small_object_proposal,heuristic,1.0,1148.0,414.0,1195.0,484.0,2,0.0,artificial_jewellery,video_20260404_121903,10410
0,Left,person,yolo,0.4581170976161957,260.69183349609375,217.65380859375,1754.3863525390625,1065.123046875,5,0.0,artificial_jewellery,video_20260404_121903,10440
0,Left,person,yolo,0.2929008305072784,234.60699462890625,378.4411010742187,1760.7667236328125,1063.015869140625,5,0.0,artificial_jewellery,video_20260404_121903,10470
0,Left,person,yolo,0.3520767390727997,214.2366943359375,158.64202880859375,1752.884765625,1067.50634765625,5,0.0,artificial_jewellery,video_20260404_121903,10500
0,Left,small_object_proposal,heuristic,1.0,1404.0,494.0,1451.0,592.0,1,0.0,artificial_jewellery,video_20260404_121903,10500
0,Left,person,yolo,0.5883688926696777,158.83795166015625,147.9371337890625,1714.9833984375,1066.9754638671875,5,0.0,artificial_jewellery,video_20260404_121903,10530
0,Left,person,yolo,0.3442420363426208,299.28936767578125,74.26235961914062,1580.8463134765625,1064.815673828125,5,0.0,artificial_jewellery,video_20260404_121903,10560
0,Left,person,yolo,0.480061262845993,285.075927734375,420.5282897949219,1779.8870849609375,1065.54248046875,5,0.0,artificial_jewellery,video_20260404_121903,10590
0,Left,person,yolo,0.2521211802959442,1122.9290771484375,415.0585632324219,1914.4368896484375,1068.045166015625,5,0.0,artificial_jewellery,video_20260404_121903,10590
0,Left,person,yolo,0.4644206464290619,100.43572998046876,394.3309020996094,1806.721923828125,1064.995849609375,5,0.0,artificial_jewellery,video_20260404_121903,10620
0,Left,person,yolo,0.535817563533783,290.75164794921875,390.20947265625,1808.20458984375,1065.1898193359375,5,0.0,artificial_jewellery,video_20260404_121903,10650
0,Left,person,yolo,0.3267931044101715,1128.9627685546875,392.11138916015625,1919.1141357421875,1067.451416015625,5,0.0,artificial_jewellery,video_20260404_121903,10650
0,Left,small_object_proposal,heuristic,1.0,1205.0,322.0,1251.0,402.0,0,18.35755975068582,artificial_jewellery,video_20260404_121903,10650
0,Left,person,yolo,0.5215961933135986,299.757568359375,10.825103759765623,1776.059326171875,1066.1932373046875,5,0.0,artificial_jewellery,video_20260404_121903,10680
0,Left,person,yolo,0.4783356189727783,1107.7325439453125,382.34967041015625,1706.9422607421875,1066.8614501953125,5,0.0,artificial_jewellery,video_20260404_121903,10710
0,Left,person,yolo,0.4275226294994354,199.048095703125,21.51544189453125,1756.95263671875,1068.3065185546875,5,0.0,artificial_jewellery,video_20260404_121903,10740
0,Left,small_object_proposal,heuristic,1.0,1357.0,377.0,1432.0,431.0,1,0.0,artificial_jewellery,video_20260404_121903,10740
0,Left,small_object_proposal,heuristic,1.0,1392.0,427.0,1491.0,463.0,0,3.0,artificial_jewellery,video_20260404_121903,10740
0,Left,person,yolo,0.5128771066665649,236.40728759765625,131.61785888671875,1798.810546875,1066.4813232421875,5,0.0,artificial_jewellery,video_20260404_121903,10770
0,Left,person,yolo,0.2791441679000854,164.6396484375,457.3648986816406,1466.963134765625,1071.531005859375,1,0.0,artificial_jewellery,video_20260404_121903,10770
0,Left,person,yolo,0.4725744128227234,328.95916748046875,380.2415771484375,1696.9017333984375,1064.9737548828125,5,0.0,artificial_jewellery,video_20260404_121903,10800
0,Left,small_object_proposal,heuristic,1.0,1246.0,406.0,1334.0,456.0,0,14.317821063276353,artificial_jewellery,video_20260404_121903,10800
0,Left,person,yolo,0.5478990077972412,310.99468994140625,363.7789306640625,1628.057373046875,1066.269775390625,5,0.0,artificial_jewellery,video_20260404_121903,10830
0,Left,person,yolo,0.5556207895278931,287.04583740234375,339.7840270996094,1761.4439697265625,1064.2943115234375,5,0.0,artificial_jewellery,video_20260404_121903,10860
0,Left,person,yolo,0.3339579403400421,1109.3724365234375,377.03668212890625,1672.136474609375,1066.5736083984375,5,0.0,artificial_jewellery,video_20260404_121903,10860
0,Left,small_object_proposal,heuristic,1.0,1186.0,337.0,1256.0,384.0,0,19.0,artificial_jewellery,video_20260404_121903,10860
0,Left,person,yolo,0.2786277532577514,367.76513671875,357.6573486328125,1738.077392578125,1066.6044921875,5,0.0,artificial_jewellery,video_20260404_121903,10890
0,Left,person,yolo,0.514472484588623,1156.947509765625,374.4211120605469,1682.28271484375,1067.761474609375,5,0.0,artificial_jewellery,video_20260404_121903,10920
0,Left,person,yolo,0.375295490026474,391.00836181640625,312.5987548828125,1736.7890625,1067.8836669921875,5,0.0,artificial_jewellery,video_20260404_121903,10920
0,Left,person,yolo,0.5044944882392883,354.80291748046875,290.4097595214844,1705.6436767578125,1064.1512451171875,5,0.0,artificial_jewellery,video_20260404_121903,10950
0,Left,person,yolo,0.2674857676029205,1166.534912109375,372.6173400878906,1749.6142578125,1067.2332763671875,5,0.0,artificial_jewellery,video_20260404_121903,10950
0,Left,person,yolo,0.6712799668312073,308.62481689453125,307.864013671875,1656.5657958984375,1064.6336669921875,5,0.0,artificial_jewellery,video_20260404_121903,10980
0,Left,small_object_proposal,heuristic,1.0,1351.0,403.0,1389.0,487.0,0,23.706539182259394,artificial_jewellery,video_20260404_121903,10980
0,Left,person,yolo,0.3109148144721985,322.53131103515625,373.9610595703125,1619.92431640625,1065.6258544921875,3,0.0,artificial_jewellery,video_20260404_121903,11040
0,Left,person,yolo,0.3965134918689728,318.70220947265625,139.28631591796875,1624.2642822265625,1069.436279296875,5,0.0,artificial_jewellery,video_20260404_121903,11100
0,Left,person,yolo,0.4977020621299743,1157.33935546875,345.92486572265625,1919.1749267578125,1065.1634521484375,5,0.0,artificial_jewellery,video_20260404_121903,11130
0,Left,person,yolo,0.4191506505012512,132.32794189453125,0.0,1714.0601806640625,1063.23779296875,5,0.0,artificial_jewellery,video_20260404_121903,11130
0,Left,small_object_proposal,heuristic,1.0,1199.0,321.0,1249.0,350.0,0,9.0,artificial_jewellery,video_20260404_121903,11130
0,Left,person,yolo,0.6150532364845276,44.1646728515625,128.91934204101562,1797.543212890625,1065.9071044921875,5,0.0,artificial_jewellery,video_20260404_121903,11160
0,Left,person,yolo,0.261511355638504,1215.281982421875,156.33746337890625,1775.9036865234375,1067.753173828125,5,0.0,artificial_jewellery,video_20260404_121903,11160
0,Left,person,yolo,0.4301595985889435,1229.367919921875,2.8828125,1820.608154296875,1068.7833251953125,4,0.0,artificial_jewellery,video_20260404_121903,11190
0,Left,person,yolo,0.3546338677406311,1.5098876953125,0.0,1363.2755126953125,1067.518310546875,4,0.0,artificial_jewellery,video_20260404_121903,11190
0,Left,skateboard,yolo,0.2620481550693512,489.6056213378906,2.7076263427734375,1345.7310791015625,640.6378784179688,2,0.0,artificial_jewellery,video_20260404_121903,11190
0,Left,bench,yolo,0.2674841582775116,0.82470703125,1.467315673828125,1894.5955810546875,1063.8453369140625,5,0.0,artificial_jewellery,video_20260404_121903,11220
0,Left,small_object_proposal,heuristic,1.0,1567.0,322.0,1613.0,388.0,2,0.0,artificial_jewellery,video_20260404_121903,11220
0,Left,person,yolo,0.3009429275989532,276.47894287109375,209.6795654296875,1625.5550537109375,1064.806396484375,5,0.0,artificial_jewellery,video_20260404_121903,11250
0,Left,person,yolo,0.5434094667434692,282.99151611328125,445.3493957519531,1646.573486328125,1067.7493896484375,5,0.0,artificial_jewellery,video_20260404_121903,11340
0,Left,small_object_proposal,heuristic,1.0,1539.0,490.0,1612.0,533.0,0,12.0,artificial_jewellery,video_20260404_121903,11340
0,Left,person,yolo,0.3864665925502777,526.2149047851562,420.7694396972656,1641.0238037109375,1068.19921875,5,0.0,artificial_jewellery,video_20260404_121903,11370
0,Left,small_object_proposal,heuristic,1.0,1537.0,475.0,1605.0,517.0,0,13.892443989449804,artificial_jewellery,video_20260404_121903,11370
0,Left,person,yolo,0.401388943195343,262.7938232421875,408.0311584472656,1616.2098388671875,1066.707275390625,5,0.0,artificial_jewellery,video_20260404_121903,11400
0,Left,small_object_proposal,heuristic,1.0,1260.0,505.0,1314.0,562.0,1,0.0,artificial_jewellery,video_20260404_121903,11400
0,Left,small_object_proposal,heuristic,1.0,1518.0,456.0,1589.0,496.0,0,14.212670403551895,artificial_jewellery,video_20260404_121903,11400
0,Left,person,yolo,0.5884986519813538,358.77410888671875,444.03912353515625,1606.6666259765625,1064.1427001953125,5,0.0,artificial_jewellery,video_20260404_121903,11430
0,Left,small_object_proposal,heuristic,1.0,1500.0,496.0,1566.0,547.0,0,21.0,artificial_jewellery,video_20260404_121903,11430
0,Left,person,yolo,0.7652913331985474,354.1846008300781,405.790283203125,1571.3873291015625,1067.83056640625,5,0.0,artificial_jewellery,video_20260404_121903,11460
0,Left,small_object_proposal,heuristic,1.0,1478.0,440.0,1533.0,477.0,1,0.0,artificial_jewellery,video_20260404_121903,11460
0,Left,person,yolo,0.7886112928390503,361.8689575195313,361.9992370605469,1584.2919921875,1068.8426513671875,5,0.0,artificial_jewellery,video_20260404_121903,11490
0,Left,small_object_proposal,heuristic,1.0,1476.0,408.0,1530.0,443.0,1,0.0,artificial_jewellery,video_20260404_121903,11490
0,Left,person,yolo,0.4872848093509674,469.0272521972656,404.51861572265625,1622.174560546875,1066.4150390625,5,0.0,artificial_jewellery,video_20260404_121903,11520
0,Left,person,yolo,0.6171637177467346,457.3493041992187,361.002685546875,1608.1583251953125,1066.681396484375,5,0.0,artificial_jewellery,video_20260404_121903,11550
0,Left,person,yolo,0.576642632484436,448.8781127929687,343.3037109375,1584.7379150390625,1067.238037109375,5,0.0,artificial_jewellery,video_20260404_121903,11580
0,Left,small_object_proposal,heuristic,1.0,1235.0,432.0,1288.0,485.0,1,0.0,artificial_jewellery,video_20260404_121903,11580
0,Left,person,yolo,0.5405253171920776,16.28668212890625,20.65484619140625,1860.2191162109375,1052.0826416015625,5,0.0,artificial_jewellery,video_20260404_121903,11610
0,Left,person,yolo,0.7341914176940918,195.97023010253903,39.087432861328125,1644.8643798828125,1066.9891357421875,5,0.0,artificial_jewellery,video_20260404_121903,11700
0,Left,small_object_proposal,heuristic,1.0,1373.0,425.0,1424.0,448.0,0,22.360679774997898,artificial_jewellery,video_20260404_121903,11700
0,Left,person,yolo,0.6300393342971802,297.0946044921875,10.825653076171877,1789.9278564453125,1059.0904541015625,5,0.0,artificial_jewellery,video_20260404_121903,11820
0,Left,person,yolo,0.5234975814819336,328.534423828125,277.5251770019531,1554.5240478515625,1067.51953125,5,0.0,artificial_jewellery,video_20260404_121903,11850
0,Left,small_object_proposal,heuristic,1.0,1078.0,517.0,1121.0,599.0,0,10.770329614269007,artificial_jewellery,video_20260404_121903,11850
0,Left,small_object_proposal,heuristic,1.0,1270.0,340.0,1313.0,401.0,0,11.0,artificial_jewellery,video_20260404_121903,11850
0,Left,person,yolo,0.5219541192054749,320.91632080078125,115.19796752929688,1846.619384765625,1071.203125,5,0.0,artificial_jewellery,video_20260404_121903,11910
0,Left,person,yolo,0.4371576309204101,283.1956787109375,72.85647583007812,1866.0194091796875,1068.4219970703125,5,0.0,artificial_jewellery,video_20260404_121903,11970
0,Left,person,yolo,0.4996195435523987,368.1352233886719,298.4512023925781,1560.736572265625,1068.709228515625,5,0.0,artificial_jewellery,video_20260404_121903,12000
0,Left,person,yolo,0.6093517541885376,332.92254638671875,185.43402099609375,1572.4007568359375,1068.5093994140625,5,0.0,artificial_jewellery,video_20260404_121903,12030
0,Left,small_object_proposal,heuristic,1.0,1174.0,343.0,1259.0,396.0,0,23.323807579381203,artificial_jewellery,video_20260404_121903,12030
0,Left,person,yolo,0.4470495581626892,279.5831298828125,34.016510009765625,1755.445068359375,1067.568603515625,5,0.0,artificial_jewellery,video_20260404_121903,12060
0,Left,person,yolo,0.3734494745731354,103.43829345703124,56.375701904296875,1638.3017578125,1068.8009033203125,5,0.0,artificial_jewellery,video_20260404_121903,12120
0,Left,small_object_proposal,heuristic,1.0,1146.0,547.0,1181.0,633.0,0,6.0,artificial_jewellery,video_20260404_121903,12120
0,Left,small_object_proposal,heuristic,1.0,1217.0,413.0,1282.0,453.0,0,20.396078054371138,artificial_jewellery,video_20260404_121903,12120
0,Left,small_object_proposal,heuristic,1.0,1237.0,466.0,1301.0,504.0,0,24.0,artificial_jewellery,video_20260404_121903,12120
0,Left,person,yolo,0.5066481828689575,177.15838623046875,42.97064208984375,1742.065185546875,1066.257568359375,5,0.0,artificial_jewellery,video_20260404_121903,12180
0,Left,small_object_proposal,heuristic,1.0,1221.0,448.0,1270.0,477.0,0,15.0,artificial_jewellery,video_20260404_121903,12180
0,Left,person,yolo,0.3507643342018127,372.4612731933594,308.68487548828125,1738.560546875,1067.95751953125,5,0.0,artificial_jewellery,video_20260404_121903,12210
0,Left,person,yolo,0.3582617938518524,363.7547607421875,316.4519348144531,1573.7938232421875,1067.5345458984375,5,0.0,artificial_jewellery,video_20260404_121903,12240
0,Left,small_object_proposal,heuristic,1.0,1132.0,424.0,1165.0,539.0,0,19.235384061671343,artificial_jewellery,video_20260404_121903,12240
0,Left,person,yolo,0.4118643999099731,484.6554565429687,353.7567443847656,1738.7398681640625,1066.313232421875,5,0.0,artificial_jewellery,video_20260404_121903,12270
0,Left,scissors,yolo,0.3734708130359649,436.0870971679687,295.66571044921875,1133.859375,1069.05419921875,1,0.0,artificial_jewellery,video_20260404_121903,12270
0,Left,person,yolo,0.4961774349212646,379.4562683105469,34.4791259765625,1772.9393310546875,1072.3466796875,5,0.0,artificial_jewellery,video_20260404_121903,12300
0,Left,person,yolo,0.4957079589366913,346.99853515625,24.12579345703125,1754.802001953125,1073.8765869140625,5,0.0,artificial_jewellery,video_20260404_121903,12330
0,Left,small_object_proposal,heuristic,1.0,1140.0,459.0,1176.0,571.0,0,24.0,artificial_jewellery,video_20260404_121903,12330
0,Left,small_object_proposal,heuristic,1.0,1115.0,414.0,1151.0,520.0,0,11.313708498984761,artificial_jewellery,video_20260404_121903,12330
0,Left,person,yolo,0.3494142293930053,255.86737060546875,97.119140625,1760.5478515625,1066.240966796875,5,0.0,artificial_jewellery,video_20260404_121903,12360
0,Left,person,yolo,0.5956549644470215,144.44293212890625,20.04949951171875,1691.7166748046875,1065.8160400390625,5,0.0,artificial_jewellery,video_20260404_121903,12420
0,Left,small_object_proposal,heuristic,1.0,1180.0,388.0,1238.0,442.0,2,0.0,artificial_jewellery,video_20260404_121903,12420
0,Left,person,yolo,0.5974606275558472,159.076904296875,59.326171875,1758.3973388671875,1067.550048828125,5,0.0,artificial_jewellery,video_20260404_121903,12450
0,Left,cell phone,yolo,0.3318846821784973,1083.965087890625,305.8158264160156,1423.70703125,601.0629272460938,5,0.0,artificial_jewellery,video_20260404_121903,12450
0,Left,person,yolo,0.5803972482681274,161.10960388183594,48.53558349609375,1660.87255859375,1066.04638671875,5,0.0,artificial_jewellery,video_20260404_121903,12510
0,Left,person,yolo,0.5788483023643494,208.16551208496097,24.08404541015625,1740.7841796875,1062.2666015625,5,0.0,artificial_jewellery,video_20260404_121903,12540
0,Left,person,yolo,0.3917718529701233,446.7901611328125,0.0,1592.881103515625,1069.2294921875,5,0.0,artificial_jewellery,video_20260404_121903,12600
0,Left,person,yolo,0.3460227847099304,380.2494812011719,21.122955322265625,1712.582275390625,1071.1484375,5,0.0,artificial_jewellery,video_20260404_121903,12630
0,Left,small_object_proposal,heuristic,1.0,1099.0,447.0,1145.0,555.0,0,10.0,artificial_jewellery,video_20260404_121903,12630
0,Left,person,yolo,0.4167147874832153,333.071044921875,368.4774169921875,1680.44970703125,1068.5716552734375,5,0.0,artificial_jewellery,video_20260404_121903,12660
0,Left,person,yolo,0.4117756187915802,285.92266845703125,320.51312255859375,1636.6812744140625,1068.7801513671875,5,0.0,artificial_jewellery,video_20260404_121903,12690
0,Left,small_object_proposal,heuristic,1.0,1156.0,478.0,1182.0,562.0,0,10.63014581273465,artificial_jewellery,video_20260404_121903,12690
0,Left,person,yolo,0.4351193606853485,234.6295623779297,201.2823486328125,1656.70751953125,1069.3470458984375,5,0.0,artificial_jewellery,video_20260404_121903,12750
0,Left,person,yolo,0.4587224125862121,26.87054443359375,0.0,1700.3299560546875,1063.9923095703125,5,0.0,artificial_jewellery,video_20260404_121903,12870
0,Left,person,yolo,0.3058269321918487,263.09417724609375,364.7200927734375,1483.4176025390625,1067.703857421875,5,0.0,artificial_jewellery,video_20260404_121903,12870
0,Left,small_object_proposal,heuristic,1.0,1228.0,447.0,1257.0,541.0,0,6.0,artificial_jewellery,video_20260404_121903,12870
0,Left,person,yolo,0.5752696394920349,82.9171142578125,0.0,1769.5028076171875,1067.439453125,5,0.0,artificial_jewellery,video_20260404_121903,12900
0,Left,person,yolo,0.4038256406784057,284.14251708984375,353.8266906738281,1680.9544677734375,1067.0557861328125,5,0.0,artificial_jewellery,video_20260404_121903,12930
0,Left,person,yolo,0.3489091694355011,1059.1439208984375,346.7883605957031,1913.6419677734375,1067.139404296875,5,0.0,artificial_jewellery,video_20260404_121903,12930
0,Left,small_object_proposal,heuristic,1.0,1168.0,397.0,1200.0,432.0,1,0.0,artificial_jewellery,video_20260404_121903,12930
0,Left,person,yolo,0.517944872379303,237.099609375,82.43948364257812,1480.9095458984375,1066.3634033203125,5,0.0,artificial_jewellery,video_20260404_121903,12990
0,Left,person,yolo,0.6032475233078003,201.15216064453125,55.6058349609375,1538.9322509765625,1066.9244384765625,5,0.0,artificial_jewellery,video_20260404_121903,13290
0,Left,person,yolo,0.6745729446411133,219.35398864746097,44.537567138671875,1719.0345458984375,1065.927001953125,5,0.0,artificial_jewellery,video_20260404_121903,13320
0,Left,person,yolo,0.3485658466815948,332.5928649902344,351.4658203125,1451.4034423828125,1065.310546875,5,0.0,artificial_jewellery,video_20260404_121903,13380
0,Left,person,yolo,0.6283441185951233,431.6456909179687,334.08380126953125,1472.0379638671875,1067.9093017578125,5,0.0,artificial_jewellery,video_20260404_121903,13440
0,Left,person,yolo,0.5813635587692261,213.03900146484375,191.95962524414065,1593.1641845703125,1066.74462890625,5,0.0,artificial_jewellery,video_20260404_121903,13530
0,Left,person,yolo,0.5325525999069214,183.3321533203125,412.6873168945313,1790.014892578125,1063.4495849609375,3,0.0,artificial_jewellery,video_20260404_121903,13560
0,Left,small_object_proposal,heuristic,1.0,1397.0,393.0,1478.0,435.0,0,4.0,artificial_jewellery,video_20260404_121903,13560
0,Left,person,yolo,0.2736132740974426,399.1745300292969,544.521484375,1638.030517578125,1066.4853515625,5,0.0,artificial_jewellery,video_20260404_121903,13620
0,Left,knife,yolo,0.34660404920578,1377.6951904296875,680.4988403320312,1665.616455078125,901.568115234375,4,0.0,artificial_jewellery,video_20260404_121903,13650
0,Left,small_object_proposal,heuristic,1.0,1663.0,798.0,1706.0,842.0,1,0.0,artificial_jewellery,video_20260404_121903,13650
1,Left,small_object_proposal,heuristic,1.0,960.0,865.0,1013.0,940.0,2,0.0,artificial_jewellery,video_20260404_121903,13650
